1,1,3170,33,奥迪A3
2,2,692,33,奥迪A4L
3,3,18,33,奥迪A6L
4,4,4526,33,奥迪A6L新能源
5,5,2951,33,奥迪Q3
6,6,812,33,奥迪Q5
7,7,3304,33,奥迪Q4
8,8,19,33,奥迪A4
9,9,509,33,奥迪A6
10,10,2733,33,奥迪RS 4
11,11,2731,33,奥迪RS 3
12,12,2737,33,奥迪RS 6
13,13,2994,33,奥迪RS 7
14,14,511,33,奥迪R8
15,15,2741,33,奥迪TT RS
16,16,2735,33,奥迪RS 5
17,17,2760,33,奥迪RS Q3
18,18,650,33,奥迪A1
19,19,370,33,奥迪A3(进口)
20,20,4325,33,奥迪A3新能源(进口)
21,21,2730,33,奥迪S3
22,22,471,33,奥迪A4(进口)
23,23,538,33,奥迪A5
24,24,2734,33,奥迪S5
25,25,472,33,奥迪A6(进口)
26,26,2736,33,奥迪S6
27,27,740,33,奥迪A7
28,28,2738,33,奥迪S7
29,29,146,33,奥迪A8
30,30,2739,33,奥迪S8
31,31,593,33,奥迪Q5(进口)
32,32,2841,33,奥迪SQ5
33,33,412,33,奥迪Q7
34,34,4460,33,奥迪Q7新能源
35,35,148,33,奥迪TT
36,36,2740,33,奥迪TTS
37,37,3325,33,奥迪A0
38,38,3276,33,奥迪S1
39,39,926,33,奥迪e-tron
40,40,2732,33,奥迪S4
41,41,4543,33,奥迪Aicon
42,42,3669,33,Prologue
43,43,3313,33,奥迪A9
44,44,3350,33,allroad
45,45,2908,33,Crosslane Coupe
46,46,3287,33,奥迪Q2
47,47,2264,33,奥迪Q3(进口)
48,48,3479,33,奥迪TT offroad
49,49,3894,33,e-tron quattro
50,50,4003,33,h-tron quattro
51,51,4544,33,奥迪Elaine
52,52,3305,33,奥迪Q4(进口)
53,53,4288,33,奥迪Q8
54,54,3822,33,奥迪SQ7
55,55,3334,33,奥迪Q9
56,56,3210,33,Nanuk
57,57,2218,33,quattro
58,58,2832,33,奥迪R18
59,59,2403,33,奥迪Urban
60,60,2415,33,奥迪A2
61,61,3910,33,奥迪80
62,62,3909,33,奥迪Coupe
63,63,3680,33,奥迪100
64,64,787,33,奥迪Cross
65,65,923,35,Rapide
66,66,385,35,V8 Vantage
67,67,822,35,V12 Vantage
68,68,266,35,阿斯顿·马丁DB9
69,69,386,35,Vanquish
70,70,3891,35,阿斯顿·马丁DB11
71,71,2075,35,Cygnet
72,72,4159,35,Valkyrie
73,73,2275,35,Virage
74,74,3730,35,Vulcan
75,75,3144,35,阿斯顿·马丁CC100
76,76,3678,35,阿斯顿·马丁DB10
77,77,3004,35,阿斯顿·马丁DB5
78,78,3742,35,阿斯顿·马丁DBX
79,79,3550,35,阿斯顿·马丁DP-100
80,80,884,35,拉共达Taraf
81,81,3329,35,Ulster
82,82,2846,35,V12 Zagato
83,83,582,35,阿斯顿·马丁DBS
84,84,729,35,阿斯顿·马丁One-77
85,85,2745,221,宝斯通
86,86,2097,117,AC Schnitzer X5
87,87,2100,117,AC Schnitzer 3系
88,88,2148,117,AC Schnitzer 7系
89,89,2098,117,AC Schnitzer X6
90,90,3750,117,AC Schnitzer M4
91,91,3825,34,Giulia
92,92,4196,34,Stelvio
93,93,715,34,MiTo
94,94,1021,34,Giulietta
95,95,2288,34,ALFA 4C
96,96,2715,34,Disco Volante
97,97,3030,34,Gloria
98,98,399,34,ALFA 147
99,99,179,34,ALFA 156
100,100,778,34,ALFA 159
101,101,400,34,ALFA 166
102,102,2076,34,ALFA 2uettottanta
103,103,781,34,ALFA 8C
104,104,401,34,ALFA GT
105,105,3883,34,ALFA S.Z.
106,106,2170,34,ALFA TZ3
107,107,4522,272,LITE
108,108,4109,272,ARCFOX-1
109,109,4106,272,ARCFOX-7
110,110,4212,276,ALPINA B4
111,111,4352,276,ALPINA B3
112,112,4534,276,ALPINA D5
113,113,4583,276,ALPINA XD3
114,114,2366,134,ABT A3
115,115,2368,134,ABT A5
116,116,2443,134,ABT TT
117,117,4457,292,Agile Automotive SC122
118,118,4456,292,Agile Automotive SCX
119,119,4051,253,Apollo N
120,120,4050,253,Arrow
121,121,4596,253,Intensa Emozione
122,122,4044,251,AF8 Cassini
123,123,4034,251,Arash AF10
124,124,4638,310,Aria FXE
125,125,4532,303,ATS GT
126,126,4184,273,艾康尼克七系
127,127,4769,327,爱驰U5 ION
128,128,4839,327,爱驰RG
129,129,588,36,奔驰C级
130,130,197,36,奔驰E级
131,131,3248,36,奔驰GLA
132,132,3862,36,奔驰GLC
133,133,4764,36,奔驰A级
134,134,4349,36,奔驰C级新能源
135,135,2562,36,奔驰GLK级
136,136,3823,36,奔驰V级
137,137,2084,36,威霆
138,138,2564,36,凌特
139,139,2034,36,唯雅诺
140,140,52,36,奔驰A级(进口)
141,141,398,36,奔驰B级
142,142,2966,36,奔驰CLA级
143,143,56,36,奔驰C级(进口)
144,144,450,36,奔驰E级(进口)
145,145,365,36,奔驰CLS级
146,146,59,36,奔驰S级
147,147,4344,36,奔驰S级新能源
148,148,3339,36,奔驰GLC(进口)
149,149,3683,36,奔驰GLE
150,150,4346,36,奔驰GLE新能源
151,151,60,36,奔驰G级
152,152,3688,36,奔驰GLS
153,153,469,36,奔驰R级
154,154,3278,36,奔驰SLC
155,155,237,36,奔驰SL级
156,156,4411,36,Concept A Sedan
157,157,4537,36,奔驰EQ A
158,158,4729,36,奔驰C级新能源(进口)
159,159,3918,36,Concept IAA
160,160,4723,36,奔驰E级新能源(进口)
161,161,2065,36,奔驰F800
162,162,3700,36,奔驰F 015
163,163,3650,36,G-Code
164,164,4213,36,Generation EQ
165,165,3079,36,奔驰GLA(进口)
166,166,2950,36,Ener-G-Force
167,167,3441,36,Coupe SUV
168,168,3494,36,乌尼莫克U5000 SUV
169,169,2005,36,Sprinter
170,170,4697,36,Sprinter新能源
171,171,3945,36,Vision Tokyo
172,172,2756,36,奔驰Citan
173,173,3364,36,奔驰V级(进口)
174,174,192,36,威霆(进口)
175,175,2618,36,Silver Arrow
176,176,2762,36,奔驰CSC级
177,177,2424,36,奔驰F125
178,178,2412,36,奔驰SLA级
179,179,4195,36,Vision Van
180,180,4231,36,奔驰X级
181,181,910,36,BlueZero
182,182,595,36,奔驰GLK级(进口)
183,183,57,36,奔驰M级
184,184,467,36,奔驰GL级
185,185,300,36,唯雅诺(进口)
186,186,2233,36,Biome
187,187,235,36,奔驰CLK级
188,188,683,36,奔驰CL级
189,189,267,36,奔驰SLK级
190,190,685,36,奔驰SLR级
191,191,2842,36,奔驰A级AMG
192,192,2967,36,奔驰CLA级AMG
193,193,2717,36,奔驰C级AMG
194,194,2719,36,奔驰CLS级AMG
195,195,2718,36,奔驰E级AMG
196,196,2197,36,奔驰S级AMG
197,197,3264,36,奔驰GLA AMG
198,198,4074,36,奔驰GLC AMG
199,199,3704,36,奔驰GLE AMG
200,200,2723,36,奔驰G级AMG
201,201,3901,36,奔驰GLS AMG
202,202,3451,36,AMG GT
203,203,4364,36,GT Concept
204,204,2721,36,奔驰SLK级AMG
205,205,2720,36,奔驰SL级AMG
206,206,4542,36,Project ONE
207,207,3246,36,Vision
208,208,3985,36,奔驰SLC AMG
209,209,2722,36,奔驰M级AMG
210,210,2833,36,奔驰GL级AMG
211,211,2724,36,奔驰CL级AMG
212,212,914,36,奔驰SLS级AMG
213,213,3665,36,迈巴赫S级
214,214,4300,36,迈巴赫G级
215,215,4785,36,至臻豪华概念车
216,216,4183,36,Vision Mercedes-Maybach 6
217,217,3104,14,杰德
218,218,135,14,思域
219,219,3859,14,哥瑞
220,220,4179,14,竞瑞
221,221,859,14,思铂睿
222,222,3582,14,本田XR-V
223,223,314,14,本田CR-V
224,224,4304,14,本田UR-V
225,225,2565,14,艾力绅
226,226,4809,14,INSPIRE
227,227,2784,14,本田S
228,228,81,14,飞度
229,229,3876,14,锋范
230,230,3085,14,凌派
231,231,78,14,雅阁
232,232,3460,14,缤智
233,233,4102,14,冠道
234,234,880,14,奥德赛
235,235,2786,14,本田C
236,236,694,14,锋范经典
237,237,449,14,思迪
238,238,2168,14,歌诗图
239,239,897,14,本田CR-Z
240,240,2238,14,Brio
241,241,3001,14,Gear
242,242,2856,14,N BOX
243,243,4546,14,本田Urban EV
244,244,4360,14,NeuV
245,245,3233,14,N-WGN
246,246,4783,14,Small RS
247,247,900,14,飞度(进口)
248,248,3275,14,锋范(海外)
249,249,3266,14,CLARITY
250,250,3478,14,CONCEPT B
251,251,723,14,INSIGHT
252,252,3367,14,Vision XS-1
253,253,3705,14,杰德(海外)
254,254,896,14,思域(海外)
255,255,4558,14,Honda Design C 001
256,256,2552,14,本田AC-X
257,257,2948,14,歌诗图(海外)
258,258,559,14,雅阁(海外)
259,259,231,14,里程
260,260,3257,14,VEZEL
261,261,3605,14,本田HR-V
262,262,2995,14,本田Urban
263,263,4248,14,本田WR-V
264,264,3268,14,CONCEPT V
265,265,3869,14,本田BR-V
266,266,918,14,本田CR-V(海外)
267,267,3813,14,CONCEPT D
268,268,810,14,Pilot
269,269,3111,14,CONCEPT M
270,270,4163,14,Freed
271,271,4127,14,STEP WGN
272,272,733,14,奥德赛(海外)
273,273,2587,14,EV-Ster
274,274,4565,14,Sports EV Concept
275,275,2700,14,本田NSX
276,276,3232,14,本田S660
277,277,2551,14,Ridgeline
278,278,3692,14,本田FCV
279,279,935,14,本田FCX
280,280,667,14,Legend
281,281,956,14,元素
282,282,233,14,时韵
283,283,2042,14,本田HSV-010 GT
284,284,746,14,本田S2000
285,285,4171,15,宝马1系
286,286,3941,15,宝马2系旅行车
287,287,66,15,宝马3系
288,288,65,15,宝马5系
289,289,4350,15,宝马5系新能源
290,290,2561,15,宝马X1
291,291,4356,15,宝马X1新能源
292,292,4658,15,宝马X3
293,293,2388,15,宝马i3
294,294,373,15,宝马1系(进口)
295,295,317,15,宝马3系(进口)
296,296,2963,15,宝马3系GT
297,297,2968,15,宝马4系
298,298,202,15,宝马5系(进口)
299,299,2847,15,宝马5系GT
300,300,270,15,宝马6系
301,301,4472,15,宝马6系GT
302,302,153,15,宝马7系
303,303,4345,15,宝马7系新能源
304,304,3053,15,宝马X4
305,305,159,15,宝马X5
306,306,4348,15,宝马X5新能源
307,307,587,15,宝马X6
308,308,3726,15,宝马2系多功能旅行车
309,309,3230,15,宝马2系
310,310,2387,15,宝马i8
311,311,161,15,宝马Z4
312,312,271,15,宝马X3(进口)
313,313,3965,15,Compact Sedan
314,314,4547,15,i Vision Dynamics
315,315,3302,15,宝马2系旅行车(进口)
316,316,4724,15,宝马2系旅行车新能源(进口)
317,317,4067,15,VISION NEXT 100
318,318,3471,15,Vision Future Luxury
319,319,675,15,宝马X1(进口)
320,320,3386,15,宝马X2
321,321,4838,15,宝马iX3
322,322,3362,15,宝马X7
323,323,4539,15,宝马X7新能源
324,324,4136,15,2002 Hommage
325,325,3843,15,3.0 CSL Hommage
326,326,3146,15,Gran Lusso
327,327,3996,15,i Vision Future Interaction
328,328,2831,15,Zagato Coupe
329,329,3464,15,宝马8系
330,330,3496,15,宝马Z2
331,331,2438,15,Isetta
332,332,2897,15,Active Tourer
333,333,2167,15,Gran Coupe
334,334,2267,15,ConnectedDrive
335,335,907,15,EfficientDynamics
336,336,2848,15,宝马GINA
337,337,847,15,宝马Z8
338,338,2196,15,宝马M3
339,339,3189,15,宝马M4
340,340,2726,15,宝马M5
341,341,2727,15,宝马M6
342,342,2728,15,宝马X5 M
343,343,2729,15,宝马X6 M
344,344,3357,15,宝马M2
345,345,3291,15,宝马M8
346,346,2725,15,宝马1系M
347,347,2845,15,宝马M1
348,348,4239,38,VELITE 5
349,349,3751,38,威朗
350,350,982,38,英朗
351,351,4552,38,阅朗
352,352,164,38,君威
353,353,834,38,君越
354,354,2896,38,昂科拉
355,355,3554,38,昂科威
356,356,4487,38,别克GL6
357,357,166,38,别克GL8
358,358,4776,38,VELITE 6
359,359,4761,38,Enspire
360,360,875,38,凯越
361,361,4570,38,新世纪
362,362,525,38,林荫大道
363,363,344,38,荣御
364,364,592,38,昂科雷
365,365,2511,38,VERANO(海外)
366,366,985,38,君威(海外)
367,367,719,38,君越(海外)
368,368,3708,38,Avenir
369,369,3332,38,Anthem
370,370,2317,38,昂科威(海外)
371,371,4000,38,Avista
372,372,3078,38,Riviera
373,373,3707,38,别克Cascada
374,374,3067,38,Roadmaster
375,375,3076,38,Special
376,376,849,38,Business
377,377,579,75,比亚迪F0
378,378,4073,75,比亚迪e5
379,379,407,75,比亚迪F3
380,380,3283,75,比亚迪G5
381,381,2761,75,秦
382,382,2806,75,速锐
383,383,3781,75,元
384,384,4353,75,元新能源
385,385,3780,75,宋
386,386,4394,75,宋新能源
387,387,3059,75,比亚迪S7
388,388,3430,75,唐新能源
389,389,831,75,比亚迪e6
390,390,798,75,比亚迪M6
391,391,4279,75,宋MAX
392,392,2088,75,比亚迪S6
393,393,4844,75,比亚迪E-SEED
394,394,4802,75,唐
395,395,4393,75,王朝概念车
396,396,3376,75,比亚迪C6
397,397,3474,75,商
398,398,4831,75,宋MAX新能源
399,399,4108,75,比亚迪T3
400,400,417,75,福莱尔
401,401,940,75,比亚迪F3R
402,402,4333,75,比亚迪F3新能源
403,403,927,75,比亚迪G3
404,404,997,75,比亚迪G3R
405,405,2085,75,比亚迪L3
406,406,540,75,比亚迪F6
407,407,2091,75,比亚迪G6
408,408,2944,75,思锐
409,409,489,75,比亚迪S8
410,410,4606,120,宝骏360
411,411,3993,120,宝骏E100
412,412,4077,120,宝骏310
413,413,4392,120,宝骏310W
414,414,3343,120,宝骏610
415,415,2236,120,宝骏630
416,416,4166,120,宝骏510
417,417,4587,120,宝骏530
418,418,3412,120,宝骏730
419,419,3677,120,宝骏560
420,420,3595,120,City Car
421,421,155,120,乐驰
422,422,3774,120,宝骏330
423,423,3068,13,标致301
424,424,877,13,标致308
425,425,3632,13,标致308S
426,426,987,13,标致408
427,427,3234,13,标致2008
428,428,2619,13,标致3008
429,429,4167,13,标致4008
430,430,4271,13,标致5008
431,431,437,13,标致206
432,432,688,13,标致207
433,433,99,13,标致307
434,434,2299,13,标致508
435,435,726,13,标致107
436,436,3381,13,标致108
437,437,3903,13,Fractal
438,438,2544,13,标致208
439,439,3434,13,EXALT
440,440,4331,13,Instinct
441,441,2829,13,标致301(海外)
442,442,689,13,标致308(进口)
443,443,3331,13,标致408 GT
444,444,2191,13,标致508(进口)
445,445,3338,13,标致608
446,446,2404,13,标致HX1
447,447,2801,13,Urban Crossover
448,448,2891,13,标致2008(海外)
449,449,3614,13,Quartz
450,450,724,13,标致3008(进口)
451,451,4193,13,标致5008(海外)
452,452,3319,13,标致6008
453,453,2315,13,标致SXC
454,454,3734,13,Partner
455,455,4705,13,Rifter
456,456,861,13,标致5008经典
457,457,4140,13,L500 R HYBRID
458,458,2892,13,ONYX
459,459,3831,13,Vision Gran Turismo
460,460,2047,13,标致RCZ
461,461,3974,13,TRAVELLER
462,462,4476,13,Pick Up
463,463,924,13,标致BB1
464,464,2204,13,标致iOn
465,465,184,13,标致206(进口)
466,466,640,13,标致207(进口)
467,467,277,13,标致307(进口)
468,468,2064,13,5 by Peugeot
469,469,185,13,标致407
470,470,186,13,标致607
471,471,2216,13,标致HR1
472,472,949,13,标致4007
473,473,2472,13,标致4008(进口)
474,474,2030,13,标致807
475,475,2210,13,标致EX1
476,476,2038,13,标致SR1
477,477,703,40,Panamera
478,478,4322,40,Panamera新能源
479,479,2838,40,Macan
480,480,172,40,Cayenne
481,481,4324,40,Cayenne新能源
482,482,4175,40,保时捷718
483,483,162,40,保时捷911
484,484,3917,40,Mission e
485,485,3380,40,Pajun
486,486,3401,40,919 Hybrid
487,487,2073,40,918 Spyder
488,488,168,40,Boxster
489,489,393,40,Carrera GT
490,490,415,40,Cayman
491,491,3423,40,保时捷356
492,492,3572,40,保时捷968
493,493,3800,27,北京(BJ)20
494,494,623,27,北京BJ40
495,495,2852,27,北京BJ80
496,496,3129,27,concept500
497,497,3473,27,北京BJ100
498,498,4794,27,北京BJ80新能源
499,499,3972,27,北京BJ90
500,500,3130,27,concept900
501,501,2252,27,北京汽车E系列
502,502,2169,27,北京汽车C70
503,503,2790,27,北京汽车C60F
504,504,2346,27,北京汽车T60
505,505,2798,27,北京汽车C90L
506,506,2127,27,北京汽车B61
507,507,2327,27,北京汽车B70
508,508,2132,27,北京汽车B90
509,509,4494,203,北汽幻速S5-EV
510,510,4019,203,北汽幻速H6-EV
511,511,4310,203,北汽幻速H5
512,512,3284,203,北汽幻速S2
513,513,3361,203,北汽幻速S3
514,514,4276,203,北汽幻速S5
515,515,3426,203,北汽幻速S6
516,516,4502,203,北汽幻速S7
517,517,3874,203,北汽幻速H3
518,518,3661,203,北汽幻速H2
519,519,4137,203,北汽幻速H2V
520,520,3714,203,北汽幻速H6
521,521,4700,203,北汽幻速S4
522,522,3695,95,奔腾B30
523,523,632,95,奔腾B50
524,524,466,95,奔腾B70
525,525,2310,95,奔腾B90
526,526,4069,95,奔腾X40
527,527,3000,95,奔腾X80
528,528,4584,95,奔腾B30EV
529,529,4117,95,奔腾X4
530,530,4114,95,奔腾X6
531,531,3579,95,奔腾X70
532,532,4800,95,奔腾T77
533,533,965,154,战旗
534,534,3035,154,BJ 212
535,535,2126,154,北京BW007
536,536,622,154,勇士
537,537,966,154,陆霸
538,538,2960,154,越铃
539,539,852,154,骑士S12
540,540,4046,231,宝沃BX5
541,541,3913,231,宝沃BX7
542,542,4520,231,宝沃BX6
543,543,4047,231,宝沃BX6 TS
544,544,4403,231,宝沃BXi7
545,545,3757,231,Isabella
546,546,901,39,慕尚
547,547,3014,39,飞驰
548,548,2685,39,添越
549,549,305,39,欧陆
550,550,4714,39,添越PHEV
551,551,3739,39,EXP 10 Speed 6
552,552,4363,39,EXP 12 Speed 6e
553,553,3668,39,Grand Convertible
554,554,1013,39,Brooklands
555,555,1012,39,雅骏
556,556,306,39,雅致
557,557,2791,173,绅宝D50
558,558,2787,173,绅宝D70
559,559,3839,173,绅宝X25
560,560,3928,173,绅宝X35
561,561,3795,173,绅宝X55
562,562,3417,173,绅宝X65
563,563,4849,173,OFFspace D70
564,564,4110,173,绅宝OffSpace
565,565,4842,173,OffSpace SUIT
566,566,3557,173,绅宝D20
567,567,3794,173,绅宝CC
568,568,3427,173,绅宝D60
569,569,3673,173,绅宝D80
570,570,4488,79,北斗星X5E
571,571,4506,79,北汽昌河A6
572,572,3922,79,昌河Q25
573,573,3980,79,昌河Q35
574,574,4599,79,昌河Q7
575,575,4208,79,昌河M70
576,576,3640,79,昌河M50
577,577,4141,79,福瑞达K21
578,578,4142,79,福瑞达K22
579,579,4409,79,北斗星E
580,580,4689,79,昌河北斗星
581,581,76,79,爱迪尔
582,582,2478,79,福瑞达
583,583,3058,79,福运
584,584,4264,208,EC系列
585,585,3533,208,EV系列
586,586,3884,208,EU系列
587,587,4104,208,EH系列
588,588,4015,208,EX系列
589,589,3630,208,北汽新能源C90EV
590,590,4018,208,北汽新能源D80EV
591,591,4620,208,北汽新能源ET400
592,592,4426,208,北汽新能源EX400L
593,593,4103,208,北汽新能源EX300L
594,594,3810,208,北汽新能源EX
595,595,3537,208,北汽新能源ES210
596,596,4261,140,巴博斯 smart forfour
597,597,2683,140,巴博斯 smart fortwo
598,598,2446,140,巴博斯 SLK级
599,599,2928,140,巴博斯 A级
600,600,2657,140,巴博斯 B级
601,601,3804,140,巴博斯 C级
602,602,2447,140,巴博斯 CLS级
603,603,2461,140,巴博斯 E级
604,604,2444,140,巴博斯 S级
605,605,2809,140,巴博斯 G级
606,606,2575,140,巴博斯 M级
607,607,2947,140,巴博斯 GL级
608,608,2554,140,巴博斯 CL级
609,609,2448,140,巴博斯 SLS级
610,610,2460,140,巴博斯 SL级
611,611,4009,143,北汽威旺S50
612,612,4154,143,北汽威旺M50F
613,613,4553,143,北汽威旺M60
614,614,2482,143,北汽威旺306
615,615,3191,143,北汽威旺M20
616,616,3916,143,北汽威旺M30
617,617,3231,143,北汽威旺307
618,618,4492,143,北汽威旺BQ5
619,619,2943,143,北汽威旺205
620,620,4061,143,北汽威旺M35
621,621,3428,143,北汽威旺T205-D
622,622,3712,143,北汽007
623,623,4016,143,北汽威旺307EV
624,624,4812,143,北汽威旺407EV
625,625,4017,143,北汽威旺608EV
626,626,3889,37,Chiron
627,627,3919,37,Vision GT
628,628,390,37,威航
629,629,920,37,Galibier
630,630,4164,271,比速T3
631,631,4298,271,比速T5
632,632,4173,271,比速M3
633,633,4786,271,比速T Concept
634,634,4666,271,比速T7
635,635,4511,301,道达V8
636,636,4664,302,BYTON Concept
637,637,2910,172,La JOYA
638,638,4057,257,H2 Speed
639,639,3217,76,奔奔
640,640,4380,76,奔奔EV
641,641,2567,76,悦翔V3
642,642,2429,76,逸动
643,643,4588,76,逸动DT
644,644,4343,76,逸动新能源
645,645,2785,76,睿骋
646,646,3811,76,睿骋CC
647,647,3924,76,长安CS15
648,648,4445,76,长安CS15EV
649,649,2778,76,长安CS35
650,650,4269,76,长安CS55
651,651,3204,76,长安CS75
652,652,3121,76,长安CS95
653,653,4242,76,凌轩
654,654,3422,76,悦翔V7
655,655,2965,76,CINTURX
656,656,3120,76,长安E30
657,657,4390,76,极流
658,658,4741,76,长安CS75 PHEV
659,659,4391,76,御岳
660,660,2316,76,长安VOSS
661,661,484,76,奔奔i
662,662,2046,76,奔奔LOVE
663,663,2045,76,奔奔MINI
664,664,2119,76,长安CX20
665,665,2788,76,悦翔V5
666,666,705,76,悦翔
667,667,1008,76,长安CX30
668,668,619,76,长安V802
669,669,590,76,志翔
670,670,520,76,杰勋
671,671,2090,77,长城C30
672,672,4341,77,长城C30新能源
673,673,2462,77,风骏5
674,674,3101,77,风骏6
675,675,2121,77,长城C70
676,676,2459,77,风骏3
677,677,491,77,长城精灵
678,678,2122,77,长城C20R
679,679,2001,77,长城M2
680,680,493,77,酷熊
681,681,624,77,凌傲
682,682,492,77,炫丽
683,683,2120,77,长城C50
684,684,535,77,长城M1
685,685,2304,77,长城M4
686,686,6,77,赛弗
687,687,979,77,赛骏
688,688,552,77,赛影
689,689,2200,77,长城V80
690,690,536,77,嘉誉
691,691,2653,77,金迪尔
692,692,2954,163,欧力威
693,693,4499,163,欧力威EV
694,694,4517,163,欧尚X70A
695,695,3893,163,长安CX70
696,696,3783,163,欧尚
697,697,4376,163,欧尚A800
698,698,3526,163,长安之星3
699,699,3685,163,长安之星9
700,700,2566,163,欧诺
701,701,3155,163,长安星卡
702,702,4829,163,OSHAN
703,703,2504,163,长安星光
704,704,2600,163,长安之星
705,705,2605,163,长安之星2
706,706,3514,163,长安之星7
707,707,2604,163,长安之星S460
708,708,2505,163,金牛星
709,709,3504,196,成功V1
710,710,3505,196,成功V2
711,711,3508,196,成功X1
712,712,3875,196,成功S10
713,713,3330,196,劲驰X1
714,714,4132,294,睿行S50
715,715,4292,294,睿行S50T
716,716,2923,294,神骐T20
717,717,4372,294,睿行M70
718,718,3227,294,睿行M80
719,719,4011,294,睿行M90
720,720,4012,294,神骐F30
721,721,2606,294,长安星光4500
722,722,3091,294,尊行
723,723,4013,294,神骐F50
724,724,4181,299,长安V3
725,725,3311,299,长安V5
726,726,4319,299,跨越王
727,727,4182,299,新豹MINI
728,728,3218,189,AeroSeven
729,729,4008,189,Seven
730,730,3327,189,Zenos E10
731,731,2881,171,Knight XV
732,732,4706,321,Missile
733,733,4711,322,e-Racer
734,734,4707,322,Cupra Ateca
735,735,4466,293,thunder power
736,736,4128,266,车和家SEV
737,737,4778,328,思迈尔
738,738,4093,264,逸酷
739,739,4450,264,奕阁
740,740,145,1,Polo
741,741,2922,1,桑塔纳
742,742,3103,1,朗行
743,743,614,1,朗逸
744,744,3197,1,朗境
745,745,3457,1,凌渡
746,746,528,1,帕萨特
747,747,4045,1,辉昂
748,748,874,1,途观
749,749,4274,1,途观L
750,750,4232,1,途昂
751,751,333,1,途安
752,752,4430,1,辉昂新能源
753,753,4745,1,Powerful Family SUV
754,754,4746,1,途观L新能源
755,755,144,1,高尔
756,756,826,1,Passat领驭
757,757,149,1,桑塔纳经典
758,758,207,1,桑塔纳志俊
759,759,16,1,捷达
760,760,633,1,宝来
761,761,871,1,高尔夫
762,762,442,1,速腾
763,763,3964,1,高尔夫·嘉旅
764,764,4204,1,蔚领
765,765,496,1,迈腾
766,766,905,1,一汽-大众CC
767,767,4674,1,探歌
768,768,4744,1,Advanced Mid-size SUV
769,769,15,1,宝来/宝来经典
770,770,360,1,开迪
771,771,210,1,甲壳虫
772,772,372,1,高尔夫(进口)
773,773,4355,1,高尔夫新能源(进口)
774,774,3999,1,蔚揽
775,775,557,1,Tiguan
776,776,82,1,途锐
777,777,86,1,夏朗
778,778,631,1,迈特威
779,779,3416,1,凯路威
780,780,669,1,尚酷
781,781,422,1,大众Fox
782,782,780,1,大众up!
783,783,4022,1,Ameo
784,784,2435,1,Nils
785,785,782,1,Polo(海外)
786,786,925,1,大众XL1
787,787,680,1,高尔(海外)
788,788,906,1,Jetta
789,789,4211,1,大众I.D.
790,790,4268,1,Arteon
791,791,368,1,Passat
792,792,3732,1,Sport Coupe
793,793,700,1,大众CC
794,794,3801,1,C Coupe
795,795,4709,1,I.D. Vizzion
796,796,2427,1,Buggy Up
797,797,2917,1,Taigun
798,798,4048,1,T-Cross
799,799,3398,1,T-Roc(海外)
800,800,4412,1,I.D. Crozz
801,801,2993,1,CrossBlue
802,802,4275,1,Tiguan Allspace
803,803,2584,1,Cross Coupe
804,804,4113,1,T-Prime
805,805,4186,1,大众Atlas
806,806,3998,1,BUDD-e
807,807,2279,1,Bulli
808,808,4515,1,California XXL
809,809,3027,1,e-Co-Motion
810,810,4358,1,Sedric Concept
811,811,2938,1,Space Up
812,812,4287,1,大众I.D. Buzz
813,813,4712,1,大众MOIA
814,814,2185,1,开迪(海外)
815,815,512,1,途安(海外)
816,816,430,1,大众Eos
817,817,4742,1,大众I.D. R Pikes Peak
818,818,3622,1,大众XL
819,819,4157,1,Crafter
820,820,3790,1,Transporter
821,821,2380,1,Amarok
822,822,4075,1,Saveiro
823,823,3616,1,Tristar
824,824,4330,1,大众e-up!
825,825,1019,1,大众Up!Lite
826,826,2039,1,New Compact
827,827,539,1,迈腾(进口)
828,828,224,1,辉腾
829,829,2106,1,Milano
830,830,2187,1,Routan
831,831,737,1,BlueSport
832,832,2825,1,Pickup
833,833,3301,165,景逸S50
834,834,4614,165,景逸S50EV
835,835,3970,165,风行SX6
836,836,3414,165,景逸X3
837,837,3128,165,景逸X5
838,838,4423,165,景逸X6
839,839,3785,165,景逸XV
840,840,2990,165,风行CM7
841,841,3792,165,风行F600
842,842,3789,165,风行S500
843,843,2540,165,菱智
844,844,4418,165,菱智M5EV
845,845,4767,165,风行T5
846,846,4592,165,景逸X7
847,847,4808,165,风行M6
848,848,4805,165,风行M7
849,849,554,165,景逸
850,850,2742,165,景逸SUV
851,851,3963,169,DS 4S
852,852,3309,169,DS 5LS
853,853,2952,169,DS 5
854,854,3324,169,DS 6
855,855,4610,169,DS 7
856,856,898,169,DS 3
857,857,2078,169,DS 4
858,858,3323,169,DS 5LS(海外)
859,859,3594,169,神韵
860,860,2314,169,DS 5(进口)
861,861,4347,169,DS 7(海外)
862,862,3063,169,DS Wild Rubis
863,863,4041,169,E-Tense
864,864,3054,169,DS23
865,865,4468,259,东风风光S560
866,866,4023,259,东风风光580
867,867,3925,259,东风风光370
868,868,3829,259,东风风光330
869,869,4799,259,东风风光580新能源
870,870,4759,259,东风风光iX5
871,871,3828,259,东风风光360
872,872,3086,259,东风风光
873,873,4560,32,御风S16
874,874,2839,32,御风
875,875,4278,32,御风EV
876,876,4486,32,御风P16
877,877,4625,32,俊风EJ30
878,878,2803,32,东风HUV
879,879,560,32,猛士
880,880,832,32,东风概念车
881,881,2901,32,俊风CV03
882,882,951,32,帅客
883,883,3279,32,俊风
884,884,2512,32,锐骐多功能车
885,885,2510,32,锐骐皮卡
886,886,4801,32,帅客新能源
887,887,561,32,奥丁
888,888,562,32,御轩
889,889,3119,113,东风风神E30
890,890,2556,113,东风风神A60
891,891,3493,113,东风风神A30
892,892,4421,113,东风风神E70
893,893,3461,113,东风风神L60
894,894,3463,113,东风A9
895,895,3786,113,东风风神AX3
896,896,4383,113,东风风神AX4
897,897,4097,113,东风风神AX5
898,898,3341,113,东风风神AX7
899,899,4422,113,东风风神AX5新能源
900,900,4420,113,东风风神AX7新能源
901,901,4790,113,东风风神e.π
902,902,1006,113,东风风神H30
903,903,790,113,东风风神S30
904,904,4119,113,风诺
905,905,606,81,V3菱悦
906,906,2769,81,V5菱致
907,907,2776,81,V6菱仕
908,908,4086,81,东南DX3
909,909,4632,81,东南DX3新能源
910,910,3634,81,东南DX7
911,911,3088,81,东南V7
912,912,3375,81,东南戈蓝
913,913,4101,81,DX概念车
914,914,3482,81,东南R7
915,915,988,81,东南V4
916,916,126,81,菱帅
917,917,2477,81,希旺
918,918,2530,81,得利卡
919,919,3502,142,东风小康C36
920,920,2865,142,东风小康C37
921,921,4461,142,东风小康EC36
922,922,4299,142,东风小康K05S
923,923,3697,142,东风小康K07S
924,924,3698,142,东风小康C31
925,925,3699,142,东风小康C32
926,926,2452,142,东风小康K01
927,927,2497,142,东风小康K02
928,928,3007,142,东风小康F505
929,929,3036,142,东风小康C35
930,930,2500,142,东风小康K07
931,931,2501,142,东风小康K07II
932,932,2499,142,东风小康K17
933,933,2490,142,东风小康V07S
934,934,2495,142,东风小康V27
935,935,2744,142,东风小康V29
936,936,2498,142,东风小康K06
937,937,2491,142,东风小康V21
938,938,2494,142,东风小康V22
939,939,574,41,凯领
940,940,602,41,酷威
941,941,2628,41,Dart
942,942,576,41,锋哲
943,943,2089,41,Charger
944,944,2201,41,Durango
945,945,2226,41,凯领(海外)
946,946,738,41,挑战者
947,947,2198,41,道奇Ram
948,948,575,41,酷搏
949,949,957,41,翼龙
950,950,883,41,Circuit EV
951,951,2814,41,Rampage
952,952,3173,41,道奇D100
953,953,2816,41,道奇M80
954,954,3049,41,Charger SRT
955,955,4303,41,Durango SRT
956,956,573,41,蝰蛇
957,957,3050,41,挑战者 SRT
958,958,3984,187,东风风度MX5
959,959,3637,187,东风风度MX6
960,960,4306,187,东风风度MX3
961,961,4238,280,电咖·EV10
962,962,2849,157,Dokker
963,963,2627,157,Dacia Logan
964,964,2626,157,Dacia Sandero
965,965,2625,157,Dacia Duster
966,966,2703,157,Dacia Lodgy
967,967,3568,217,mi-DO
968,968,3949,217,Datsun Cross
969,969,3566,217,redi-GO
970,970,3354,198,DMC-12
971,971,3818,234,Donkervoort D8
972,972,545,92,森雅
973,973,4576,92,DN Pro Cargo
974,974,4577,92,DN U-Space
975,975,3933,92,大发D-base
976,976,4578,92,DN Compagno
977,977,4575,92,DN Trec
978,978,3236,92,Kopen
979,979,701,92,MATERIA
980,980,902,92,Mira
981,981,2650,92,Copen
982,982,3548,211,Elemental RP1
983,983,4645,3,丰田C-HR
984,984,4259,3,YARiS L 致享
985,985,3126,3,YARiS L 致炫
986,986,3462,3,雷凌
987,987,110,3,凯美瑞
988,988,771,3,汉兰达
989,989,2237,3,逸致
990,990,4837,3,雷凌新能源
991,991,505,3,雅力士
992,992,4646,3,奕泽IZOA
993,993,111,3,威驰
994,994,4260,3,威驰FS
995,995,526,3,卡罗拉
996,996,882,3,皇冠
997,997,770,3,RAV4荣放
998,998,46,3,普拉多
999,999,2527,3,柯斯达
1000,1000,45,3,兰德酷路泽
1001,1001,4832,3,卡罗拉新能源
1002,1002,109,3,花冠
1003,1003,371,3,普锐斯
1004,1004,375,3,锐志
1005,1005,170,3,特锐
1006,1006,2107,3,埃尔法
1007,1007,107,3,普瑞维亚
1008,1008,2574,3,丰田86
1009,1009,2607,3,HIACE
1010,1010,748,3,Aygo
1011,1011,4582,3,CONCEPT-爱i Ride
1012,1012,2585,3,Fun-Vii
1013,1013,3019,3,i-Road
1014,1014,3948,3,KIKAI
1015,1015,938,3,丰田FT-EV
1016,1016,3819,3,丰田FV2
1017,1017,671,3,丰田iQ
1018,1018,3133,3,ME.WE
1019,1019,711,3,YARiS(海外)
1020,1020,2705,3,丰田FT-Bh
1021,1021,3041,3,威驰(海外)
1022,1022,3118,3,悦佳
1023,1023,917,3,Auris
1024,1024,4286,3,CONCEPT-爱i
1025,1025,893,3,Matrix
1026,1026,3249,3,Premi Aqua
1027,1027,2646,3,丰田NS4
1028,1028,3336,3,丰田SAI
1029,1029,774,3,卡罗拉(海外)
1030,1030,721,3,普锐斯(海外)
1031,1031,763,3,Avensis
1032,1032,3262,3,JPN Taxi
1033,1033,3682,3,Mirai
1034,1034,4413,3,丰巢FUN
1035,1035,3239,3,丰田FCV
1036,1036,2704,3,丰田FCV-R
1037,1037,963,3,凯美瑞(海外)
1038,1038,945,3,锐志(海外)
1039,1039,2055,3,Avalon
1040,1040,2614,3,皇冠(进口)
1041,1041,3168,3,世纪
1042,1042,4414,3,丰巢WAY
1043,1043,3611,3,丰田C-HR(海外)
1044,1044,4400,3,丰田FT-4X
1045,1045,4626,3,Rush
1046,1046,206,3,丰田RAV4(进口)
1047,1047,513,3,FJ 酷路泽
1048,1048,3851,3,Fortuner
1049,1049,3273,3,Harrier
1050,1050,4572,3,Tj Cruiser
1051,1051,549,3,汉兰达(进口)
1052,1052,929,3,4Runner
1053,1053,550,3,兰德酷路泽(进口)
1054,1054,334,3,普拉多(进口)
1055,1055,964,3,红杉
1056,1056,4585,3,Fine-Comfort Ride
1057,1057,4155,3,Innova
1058,1058,983,3,Sienna
1059,1059,3837,3,SIENTA
1060,1060,3718,3,Vellfire
1061,1061,786,3,Verso
1062,1062,3322,3,Verso-S
1063,1063,2617,3,Supra
1064,1064,3352,3,丰田FT-1
1065,1065,934,3,丰田FT-86
1066,1066,4571,3,丰田GR HV Sports
1067,1067,3931,3,丰田S-FR
1068,1068,3975,3,PROACE
1069,1069,4281,3,柯斯达(海外)
1070,1070,3598,3,Urban Utility
1071,1071,2714,3,Hilux
1072,1072,2411,3,Tacoma
1073,1073,2354,3,坦途
1074,1074,2040,3,丰田FT-CH
1075,1075,4377,3,Sprinter Trueno
1076,1076,3340,3,Cressida
1077,1077,762,3,威飒
1078,1078,2213,3,WISH
1079,1079,2244,3,杰路驰
1080,1080,364,8,福克斯
1081,1081,3347,8,福睿斯
1082,1082,3693,8,金牛座
1083,1083,117,8,蒙迪欧
1084,1084,4386,8,蒙迪欧新能源
1085,1085,2871,8,翼搏
1086,1086,2863,8,翼虎
1087,1087,3615,8,锐界
1088,1088,659,8,嘉年华
1089,1089,577,8,蒙迪欧-致胜
1090,1090,3175,8,致胜
1091,1091,498,8,麦柯斯
1092,1092,3518,8,撼路者
1093,1093,3814,8,途睿欧
1094,1094,4192,8,全顺
1095,1095,2524,8,新世代全顺
1096,1096,2523,8,经典全顺
1097,1097,912,8,C-MAX
1098,1098,378,8,福特GT
1099,1099,704,8,福克斯(进口)
1100,1100,2024,8,探险者
1101,1101,102,8,Mustang
1102,1102,2353,8,福特F-150
1103,1103,3373,8,Figo
1104,1104,665,8,福特Ka
1105,1105,713,8,嘉年华(进口)
1106,1106,3113,8,福睿斯(海外)
1107,1107,2023,8,Falcon
1108,1108,744,8,Fusion
1109,1109,759,8,金牛座(海外)
1110,1110,986,8,蒙迪欧(海外)
1111,1111,2622,8,翼搏(海外)
1112,1112,97,8,Kuga
1113,1113,2265,8,Territory
1114,1114,3183,8,撼路者(海外)
1115,1115,684,8,锐界(进口)
1116,1116,972,8,FLEX
1117,1117,2025,8,征服者
1118,1118,2281,8,B-MAX
1119,1119,2006,8,Galaxy
1120,1120,921,8,Grand C-MAX
1121,1121,2041,8,S-MAX
1122,1122,3028,8,Tourneo Courier
1123,1123,2677,8,Tourneo Custom
1124,1124,2946,8,Transit
1125,1125,2302,8,福特E350
1126,1126,4672,8,福特E系列
1127,1127,2406,8,Evos
1128,1128,2298,8,Mad Max
1129,1129,2707,8,Ranger
1130,1130,2713,8,Super Duty
1131,1131,2997,8,福特Atlas
1132,1132,2820,8,福特F-250
1133,1133,2389,8,福特F-350
1134,1134,2390,8,福特F-450
1135,1135,2884,8,福特F-650
1136,1136,2183,8,Start
1137,1137,3696,8,Crown Victoria
1138,1138,3308,8,福特GPW
1139,1139,2258,8,Vertrek
1140,1140,4314,42,812 Superfast
1141,1141,676,42,California T
1142,1142,2682,42,F12berlinetta
1143,1143,4027,42,GTC4Lusso
1144,1144,3016,42,LaFerrari
1145,1145,4524,42,Portofino
1146,1146,3720,42,法拉利488
1147,1147,3026,42,Sergio
1148,1148,3713,42,法拉利308
1149,1149,4272,42,法拉利J50
1150,1150,889,42,法拉利458
1151,1151,459,42,法拉利599
1152,1152,2261,42,法拉利FF
1153,1153,2594,42,Dino
1154,1154,394,42,Enzo
1155,1155,2874,42,法拉利212
1156,1156,2875,42,法拉利250 GT
1157,1157,2880,42,法拉利275
1158,1158,2595,42,法拉利328
1159,1159,2597,42,法拉利348
1160,1160,361,42,法拉利360
1161,1161,2877,42,法拉利410
1162,1162,2879,42,法拉利500
1163,1163,2591,42,法拉利550
1164,1164,308,42,法拉利575M
1165,1165,367,42,法拉利612
1166,1166,2598,42,法拉利F355
1167,1167,2177,42,法拉利F40
1168,1168,359,42,法拉利F430
1169,1169,2593,42,法拉利F50
1170,1170,2596,42,法拉利GTO
1171,1171,3633,141,揽福
1172,1172,2475,141,小超人
1173,1173,2895,141,雄师F16
1174,1174,3754,141,雄师F22
1175,1175,2455,141,探索者Ⅲ
1176,1176,2453,141,探索者6
1177,1177,2767,11,菲翔
1178,1178,3267,11,致悦
1179,1179,465,11,派朗
1180,1180,89,11,派力奥
1181,1181,90,11,西耶那
1182,1182,91,11,周末风
1183,1183,601,11,菲亚特500
1184,1184,2262,11,菲跃
1185,1185,765,11,Panda
1186,1186,3378,11,Avventura
1187,1187,2193,11,Idea
1188,1188,3709,11,菲亚特500L
1189,1189,543,11,朋多
1190,1190,4634,11,Cronos
1191,1191,3841,11,Tipo
1192,1192,542,11,博悦
1193,1193,544,11,领雅
1194,1194,3624,11,菲亚特500X
1195,1195,3642,11,菲亚特FCC4
1196,1196,4079,11,Fiorino
1197,1197,779,11,Qubo
1198,1198,391,11,多宝
1199,1199,3866,11,菲亚特124
1200,1200,4055,11,Fullback
1201,1201,2651,11,Strada
1202,1202,3936,11,Toro
1203,1203,2868,11,菲亚特126P
1204,1204,916,11,Sedici
1205,1205,3676,96,风景V3
1206,1206,3821,96,风景V5
1207,1207,3440,96,风景G7
1208,1208,4035,96,风景G9
1209,1209,2535,96,福田风景
1210,1210,2542,96,蒙派克E
1211,1211,3089,96,蒙派克S
1212,1212,3735,96,图雅诺
1213,1213,4612,96,图雅诺EV
1214,1214,2579,96,萨普
1215,1215,4165,96,奥铃T3
1216,1216,661,96,迷迪
1217,1217,3992,197,启腾V60
1218,1218,3877,197,启腾EX80
1219,1219,3346,197,启腾M70
1220,1220,4760,282,伽途GT
1221,1221,3307,282,萨瓦纳
1222,1222,4227,282,伽途im6
1223,1223,4228,282,伽途im8
1224,1224,3991,282,伽途ix5
1225,1225,3990,282,伽途ix7
1226,1226,2577,282,拓陆者
1227,1227,4285,248,FF 91
1228,1228,3995,248,FFZERO1
1229,1229,4236,132,EMotion
1230,1230,2746,132,Atlantic
1231,1231,2425,132,Surf
1232,1232,2352,132,Karma
1233,1233,2350,132,Latigo
1234,1234,2351,132,Tramonto
1235,1235,2978,177,Evantra
1236,1236,2977,176,弗那萨利 99
1237,1237,3069,82,传祺GA3
1238,1238,3524,82,传祺GA3S视界
1239,1239,4630,82,传祺GA4
1240,1240,4340,82,传祺GA5新能源
1241,1241,3349,82,传祺GA6
1242,1242,3782,82,传祺GA8
1243,1243,3495,82,传祺GS3
1244,1244,3691,82,传祺GS4
1245,1245,3574,82,传祺GS5 Super
1246,1246,4230,82,传祺GS7
1247,1247,4094,82,传祺GS8
1248,1248,4174,82,传祺GM8
1249,1249,4611,82,iSPACE
1250,1250,3952,82,EV coupe
1251,1251,3498,82,传祺E-jet
1252,1252,603,82,WitStar
1253,1253,3687,82,传祺GA7
1254,1254,4290,82,EnSpirit
1255,1255,3902,82,传祺GS6
1256,1256,3951,82,i-lounge朗智
1257,1257,4662,82,传祺GM6
1258,1258,4250,82,EnLight
1259,1259,3499,82,E-Linker
1260,1260,3501,82,4-DOOR Coupe
1261,1261,2141,82,传祺GA5
1262,1262,2308,82,X-POWER
1263,1263,2560,82,传祺GS5
1264,1264,3500,82,Cabrio-Coupe
1265,1265,2974,152,观致3
1266,1266,3662,152,观致5
1267,1267,2580,152,观致
1268,1268,3544,152,观致9
1269,1269,3791,152,观致2
1270,1270,4382,152,Model K-EV
1271,1271,4841,152,观致MILE 1
1272,1272,4527,152,观致 Model Young
1273,1273,2488,108,星旺
1274,1274,2885,108,星旺CL
1275,1275,3159,108,星旺L
1276,1276,3139,108,星旺M1
1277,1277,3140,108,星旺M2
1278,1278,2599,108,财运100
1279,1279,2571,108,财运300
1280,1280,2568,108,财运500
1281,1281,3480,108,广汽吉奥GP150
1282,1282,3272,108,E美
1283,1283,2114,108,奥轩G3
1284,1284,969,108,吉奥凯旋
1285,1285,865,108,凯睿
1286,1286,1015,108,帅豹
1287,1287,968,108,帅威
1288,1288,2306,108,奥轩G5
1289,1289,2774,108,奥轩GX5
1290,1290,3477,108,广汽吉奥GX6
1291,1291,967,108,帅驰
1292,1292,864,108,帅舰
1293,1293,3134,108,星朗
1294,1294,947,112,YUKON
1295,1295,980,112,SAVANA
1296,1296,2355,112,SIERRA
1297,1297,3356,112,Granite
1298,1298,955,112,TERRAIN
1299,1299,952,112,ACADIA
1300,1300,3345,112,CANYON
1301,1301,3400,112,Jimmy
1302,1302,4556,304,国金GM3
1303,1303,4255,313,传祺GA3S PHEV
1304,1304,4291,313,传祺GE3
1305,1305,4256,313,传祺GS4新能源
1306,1306,4661,313,Enverge
1307,1307,3280,190,GAZ-12
1308,1308,4214,277,GLM G4
1309,1309,3747,230,Spano
1310,1310,3404,115,Explosion
1311,1311,2292,115,Tornante
1312,1312,2082,115,Apollo
1313,1313,3520,207,Self-Driving
1314,1314,2094,116,女王
1315,1315,2093,116,大蛇
1316,1316,2095,116,嘉路
1317,1317,4793,329,广汽ix4
1318,1318,4806,329,E-more概念车
1319,1319,3454,181,哈弗H1
1320,1320,2615,181,哈弗H2
1321,1321,4168,181,哈弗H2s
1322,1322,4608,181,哈弗H4
1323,1323,2027,181,哈弗H5
1324,1324,2123,181,哈弗H6
1325,1325,3481,181,哈弗H6 Coupe
1326,1326,4485,181,哈弗M6
1327,1327,3074,181,哈弗H7
1328,1328,2124,181,哈弗H8
1329,1329,3298,181,哈弗H9
1330,1330,3808,181,哈弗Concept B
1331,1331,3449,181,哈弗COUPE
1332,1332,2807,181,哈弗E
1333,1333,4792,181,哈弗F5
1334,1334,4100,181,哈弗HB-02
1335,1335,4429,181,哈弗HB-03
1336,1336,4118,181,哈弗HR-02
1337,1337,3807,181,哈弗Concept R
1338,1338,2326,181,哈弗IF
1339,1339,395,181,哈弗H3
1340,1340,3108,91,红旗L5
1341,1341,4410,91,红旗H5
1342,1342,2771,91,红旗H7
1343,1343,4122,91,红旗B-Concept
1344,1344,2789,91,红旗L7
1345,1345,4789,91,红旗E-HS3
1346,1346,4424,91,红旗U-Concept
1347,1347,4150,91,红旗HS7
1348,1348,4116,91,红旗S-Concept
1349,1349,3812,91,红旗LS5
1350,1350,4788,91,红旗E·境
1351,1351,4695,91,红旗概念雕塑
1352,1352,978,91,世纪星
1353,1353,556,91,新明仕
1354,1354,428,91,红旗盛世
1355,1355,3424,91,红旗CA770
1356,1356,2138,91,红旗L9
1357,1357,427,91,红旗旗舰
1358,1358,830,91,红旗SUV
1359,1359,4459,86,海马爱尚EV
1360,1360,4156,86,海马@3
1361,1361,2941,86,海马M3
1362,1362,3006,86,海马M6
1363,1363,4169,86,海马S5青春版
1364,1364,3214,86,海马S5
1365,1365,4803,86,海马E5
1366,1366,4770,86,海马SG00
1367,1367,998,86,海马Me
1368,1368,2318,86,海马爱尚
1369,1369,855,86,海马王子
1370,1370,2342,86,海马C2
1371,1371,3160,86,福仕达鸿达
1372,1372,2481,86,福仕达荣达
1373,1373,470,86,福美来
1374,1374,3075,86,海马S7
1375,1375,4525,86,福美来F7
1376,1376,4339,86,普力马EV
1377,1377,4205,86,福美来MPV
1378,1378,4774,86,福美来F5
1379,1379,4846,86,VF00概念车
1380,1380,4798,86,福美来E7
1381,1381,824,86,丘比特
1382,1382,47,86,海福星
1383,1383,527,86,海马3
1384,1384,696,86,欢动
1385,1385,2766,86,海马M8
1386,1386,823,86,海马骑士
1387,1387,3994,86,海马V70
1388,1388,844,86,普力马
1389,1389,2160,97,旗胜V3
1390,1390,4162,97,瑞途
1391,1391,2517,97,傲骏
1392,1392,2515,97,大柴神
1393,1393,3455,97,黄海N1
1394,1394,3846,97,黄海N2
1395,1395,4436,97,黄海N3
1396,1396,2516,97,小柴神
1397,1397,2212,97,翱龙CUV
1398,1398,673,97,旗胜F1
1399,1399,2211,97,挑战者SUV
1400,1400,3896,87,圣达菲
1401,1401,4518,87,圣达菲5
1402,1402,4483,87,圣达菲7
1403,1403,2144,87,宝利格
1404,1404,3803,87,路盛E80
1405,1405,3483,87,路盛E90
1406,1406,2133,87,路盛E70
1407,1407,2108,87,华泰B11
1408,1408,477,87,圣达菲经典
1409,1409,290,87,特拉卡
1410,1410,2754,164,途腾T1
1411,1411,2755,164,途腾T2
1412,1412,2973,164,途腾T3
1413,1413,3208,164,欢腾H1
1414,1414,4318,260,华泰EV160B
1415,1415,4495,260,华泰EV160R
1416,1416,4836,260,路盛S1
1417,1417,4065,260,华泰iEV230
1418,1418,4066,260,华泰XEV260
1419,1419,4830,260,圣达菲2
1420,1420,4828,260,圣达菲5新能源
1421,1421,4823,260,圣达菲7新能源
1422,1422,2487,24,哈飞小霸王
1423,1423,2485,24,骏意
1424,1424,2486,24,民意
1425,1425,3038,24,中意V5
1426,1426,67,24,路宝
1427,1427,68,24,赛马
1428,1428,392,24,赛豹III
1429,1429,481,24,赛豹V
1430,1430,2536,24,路尊大霸王
1431,1431,3911,245,华凯皮卡
1432,1432,3607,220,华颂7
1433,1433,4131,150,海格H4E
1434,1434,2572,150,海格H5C
1435,1435,3243,150,海格H5V
1436,1436,3636,150,海格H6C
1437,1437,3638,150,海格H6V
1438,1438,3235,150,海格H7V
1439,1439,3149,150,龙威
1440,1440,2673,150,御骏
1441,1441,4226,267,汉腾X5
1442,1442,4130,267,汉腾X7
1443,1443,4613,267,汉腾X7新能源
1444,1444,4416,267,汉腾EV
1445,1445,4419,267,汉腾X5新能源
1446,1446,4825,267,汉腾MPV
1447,1447,4170,184,华骐300E
1448,1448,3125,184,HORKI-1
1449,1449,3148,170,VelociRaptor
1450,1450,3573,170,Venom F5
1451,1451,2873,170,Venom GT
1452,1452,857,43,悍马HX
1453,1453,379,43,悍马H3
1454,1454,895,43,悍马H1
1455,1455,38,43,悍马H2
1456,1456,4629,309,合众E-TAKE
1457,1457,3844,237,天津大发TJ110
1458,1458,570,85,海锋
1459,1459,461,85,海尚
1460,1460,194,85,海迅
1461,1461,460,85,海域
1462,1462,862,85,华普海景
1463,1463,3915,240,Commodore
1464,1464,3863,240,霍顿Colorado
1465,1465,4716,188,Nucleus
1466,1466,3122,188,Vulcano
1467,1467,4187,274,Inferno
1468,1468,4359,288,Zerouno
1469,1469,447,25,金刚
1470,1470,3556,25,帝豪
1471,1471,4139,25,帝豪GL
1472,1472,4342,25,帝豪新能源
1473,1473,474,25,远景
1474,1474,3589,25,博瑞
1475,1475,4293,25,远景X1
1476,1476,4481,25,远景X3
1477,1477,3788,25,博越
1478,1478,3465,25,帝豪GS
1479,1479,4491,25,远景S1
1480,1480,4133,25,远景SUV
1481,1481,4679,25,帝豪GL新能源
1482,1482,821,25,吉利GC6
1483,1483,4762,25,博瑞GE
1484,1484,4756,25,博瑞GE新能源
1485,1485,2338,25,吉利GX5
1486,1486,2322,25,吉利GX6
1487,1487,4701,25,吉利SX11
1488,1488,4813,25,CONCEPT ICON
1489,1489,3510,25,吉利GX8
1490,1490,4396,25,吉利VF11
1491,1491,2192,25,吉利GX2
1492,1492,608,25,熊猫
1493,1493,133,25,豪情
1494,1494,2321,25,吉利EC6-RV
1495,1495,2151,25,吉利GC3
1496,1496,2840,25,吉利SC3
1497,1497,2339,25,吉利SC5
1498,1498,2111,25,吉利SC5-RV
1499,1499,2166,25,吉利SC6-RV
1500,1500,2156,25,金刚财富
1501,1501,609,25,金鹰
1502,1502,132,25,英伦C5
1503,1503,421,25,优利欧
1504,1504,409,25,自由舰
1505,1505,2051,25,海景
1506,1506,820,25,吉利GC5
1507,1507,2155,25,吉利GC7
1508,1508,2340,25,吉利SC7-RV
1509,1509,799,25,经典帝豪
1510,1510,801,25,吉利EC8
1511,1511,3374,25,吉利EC9
1512,1512,3116,25,吉利KC
1513,1513,827,25,吉利GE
1514,1514,2112,25,吉利SX5
1515,1515,2158,25,吉利SX6
1516,1516,2110,25,吉利EX7
1517,1517,989,25,吉利GX7
1518,1518,2964,25,吉利SX7
1519,1519,3467,25,豪情SUV
1520,1520,840,25,吉利EX8
1521,1521,2150,25,吉利EX9
1522,1522,2149,25,吉利EV7
1523,1523,843,25,吉利EV8
1524,1524,842,25,吉利GV5
1525,1525,2157,25,吉利SV5
1526,1526,841,25,英伦TX4
1527,1527,2245,25,吉利GS
1528,1528,818,25,吉利GT
1529,1529,138,25,美人豹
1530,1530,611,25,中国龙
1531,1531,291,46,北京JEEP
1532,1532,23,46,大切诺基
1533,1533,4072,46,自由侠
1534,1534,3845,46,指南者
1535,1535,4673,46,大指挥官
1536,1536,3872,46,自由光
1537,1537,4432,46,云图
1538,1538,121,46,牧马人
1539,1539,521,46,大切诺基(进口)
1540,1540,3321,46,自由侠(海外)
1541,1541,504,46,指南者(进口)
1542,1542,3764,46,Chief
1543,1543,3062,46,自由光(进口)
1544,1544,263,46,自由人
1545,1545,4469,46,大瓦格尼
1546,1546,2813,46,Jeep J12
1547,1547,777,46,自由客
1548,1548,2026,46,切诺基(进口)
1549,1549,503,46,指挥官
1550,1550,2811,46,Gladiator
1551,1551,3048,46,大切诺基 SRT
1552,1552,4663,44,捷豹E-PACE
1553,1553,4462,44,捷豹XEL
1554,1554,4083,44,捷豹XFL
1555,1555,3312,44,捷豹XE
1556,1556,589,44,捷豹XF
1557,1557,178,44,捷豹XJ
1558,1558,3209,44,捷豹F-PACE
1559,1559,4251,44,捷豹I-PACE
1560,1560,2903,44,捷豹F-TYPE
1561,1561,2290,44,捷豹B99
1562,1562,4007,44,捷豹E-PACE(海外)
1563,1563,4535,44,FUTURE-TYPE
1564,1564,2414,44,捷豹C-X16
1565,1565,2217,44,捷豹C-X75
1566,1566,2369,44,捷豹E-Type
1567,1567,456,44,捷豹XK
1568,1568,328,44,捷豹X-Type
1569,1569,258,44,捷豹S-Type
1570,1570,991,44,捷豹C-Type
1571,1571,3094,44,捷豹D-Type
1572,1572,2145,44,捷豹SS100
1573,1573,4088,84,江淮iEV6E
1574,1574,3395,84,江淮iEV
1575,1575,616,84,和悦
1576,1576,4628,84,江淮iEVA50
1577,1577,3363,84,瑞风A60
1578,1578,4444,84,江淮iEV7S
1579,1579,3545,84,瑞风S2
1580,1580,4087,84,瑞风S2mini
1581,1581,3080,84,瑞风S3
1582,1582,2752,84,瑞风S5
1583,1583,4234,84,瑞风S7
1584,1584,3351,84,瑞风M3
1585,1585,4090,84,瑞风M4
1586,1586,2543,84,瑞风M5
1587,1587,3061,84,瑞风M6
1588,1588,4619,84,瑞风R3
1589,1589,3490,84,凌铃
1590,1590,2569,84,星锐
1591,1591,4710,84,江淮V7
1592,1592,3546,84,帅铃T6
1593,1593,2541,84,瑞风
1594,1594,2130,84,愿景IV
1595,1595,3084,84,和悦A20
1596,1596,3784,84,瑞风A33
1597,1597,3512,84,和悦A60
1598,1598,4089,84,江淮iEV7C
1599,1599,4443,84,江淮iEV7E
1600,1600,4085,84,江淮SC-5
1601,1601,3450,84,瑞风SC-9
1602,1602,2763,84,和悦SC
1603,1603,2652,84,江淮4R3皮卡
1604,1604,3005,84,瑞驰II
1605,1605,4847,84,帅铃T8
1606,1606,828,84,悦悦
1607,1607,3407,84,和悦A13
1608,1608,3408,84,和悦A13RS
1609,1609,2956,84,和悦A30
1610,1610,660,84,同悦
1611,1611,617,84,同悦RS
1612,1612,567,84,宾悦
1613,1613,618,84,愿景III
1614,1614,3961,84,江淮iEV6S
1615,1615,572,84,瑞鹰
1616,1616,816,84,瑞风M2
1617,1617,3443,84,江淮K3
1618,1618,3444,84,江淮K5
1619,1619,2581,84,瑞铃
1620,1620,3456,84,征途
1621,1621,4294,83,金杯F50
1622,1622,2537,83,阁瑞斯
1623,1623,2545,83,金杯大海狮
1624,1624,2810,83,金杯海狮
1625,1625,4237,83,金杯快运
1626,1626,2402,83,金杯S50
1627,1627,3763,83,华晨金杯750
1628,1628,3955,83,海狮X30L
1629,1629,2601,83,海星A7
1630,1630,2711,83,海星A9
1631,1631,3136,83,小海狮X30
1632,1632,2712,83,海星T20
1633,1633,2837,83,海星T22
1634,1634,3721,83,金杯T30
1635,1635,3722,83,金杯T32
1636,1636,4311,83,金杯T50
1637,1637,4312,83,金杯T52
1638,1638,2325,83,智尚S30
1639,1639,3898,83,智尚S35
1640,1640,3515,83,金杯S70
1641,1641,3853,83,西部牛仔
1642,1642,3868,83,小金牛
1643,1643,2659,83,大力神
1644,1644,4076,83,大力神K5
1645,1645,2660,83,金典
1646,1646,2665,83,雷龙
1647,1647,4209,119,特顺
1648,1648,2514,119,宝典
1649,1649,2860,119,域虎
1650,1650,2674,119,宝威
1651,1651,2986,145,金威
1652,1652,2985,145,凯歌
1653,1653,3549,145,凯特
1654,1654,3320,151,艾菲
1655,1655,3628,151,九龙A4
1656,1656,2573,151,九龙A5
1657,1657,3681,270,江铃E100
1658,1658,4149,270,江铃E200
1659,1659,4388,270,江铃E200S
1660,1660,4375,270,江铃E160
1661,1661,4765,270,江铃E400
1662,1662,4493,210,骐铃T100
1663,1663,3466,210,骐铃T5
1664,1664,3639,210,骐铃T7
1665,1665,3981,210,骐铃T3
1666,1666,3885,175,金旅大海狮新能源
1667,1667,2976,175,金旅海狮
1668,1668,4601,175,金旅海狮新能源
1669,1669,4555,297,君马MEET 3
1670,1670,4519,297,君马S70
1671,1671,4687,297,君马MEET 5
1672,1672,4696,297,君马SEEK 5
1673,1673,4683,319,捷途X70
1674,1674,4784,319,JETOUR X
1675,1675,4797,319,捷途X90
1676,1676,4659,315,Design-X1
1677,1677,3543,209,佳跃
1678,1678,4401,281,奇点iS6
1679,1679,3207,47,凯迪拉克ATS-L
1680,1680,3802,47,凯迪拉克CT6
1681,1681,4334,47,凯迪拉克CT6 PLUG-IN
1682,1682,2949,47,凯迪拉克XTS
1683,1683,3989,47,凯迪拉克XT5
1684,1684,488,47,SLS赛威
1685,1685,970,47,凯迪拉克CTS
1686,1686,462,47,凯雷德ESCALADE
1687,1687,2629,47,凯迪拉克ATS(进口)
1688,1688,3359,47,凯迪拉克CT6(海外)
1689,1689,311,47,凯迪拉克CTS(进口)
1690,1690,2087,47,凯迪拉克XTS(海外)
1691,1691,2401,47,Ciel
1692,1692,4185,47,Escala
1693,1693,4647,47,凯迪拉克XT4
1694,1694,3647,47,凯迪拉克XT5(海外)
1695,1695,3190,47,Elmiraj
1696,1696,752,47,凯迪拉克ELR
1697,1697,2939,47,Urban Luxury
1698,1698,637,47,凯迪拉克BLS
1699,1699,3169,47,Seville
1700,1700,2036,47,凯迪拉克SLS(海外)
1701,1701,402,47,凯迪拉克STS
1702,1702,3421,47,Brougham
1703,1703,238,47,DeVille
1704,1704,3355,47,弗雷特伍德
1705,1705,49,47,凯迪拉克SRX
1706,1706,2804,47,Converj
1707,1707,426,47,凯迪拉克XLR
1708,1708,911,109,X-BOW
1709,1709,566,9,铂锐
1710,1710,487,9,克莱斯勒300C
1711,1711,227,9,大捷龙
1712,1712,342,9,克莱斯勒300C(进口)
1713,1713,2207,9,大捷龙(进口)
1714,1714,4604,9,大捷龙PHEV(进口)
1715,1715,2224,9,克莱斯勒200
1716,1716,4002,9,Pacifica
1717,1717,4284,9,Portal
1718,1718,2231,9,Town and Country
1719,1719,2643,9,克莱斯勒700C
1720,1720,380,9,PT 漫步者
1721,1721,735,9,Sebring
1722,1722,734,9,克莱斯勒200C
1723,1723,1011,9,Aspen
1724,1724,222,9,交叉火力
1725,1725,977,9,猎兽
1726,1726,3051,9,克莱斯勒300C SRT
1727,1727,4482,199,卡威W1新能源
1728,1728,4563,199,路易斯
1729,1729,3360,199,卡威K1
1730,1730,4172,199,卡威K150
1731,1731,4557,199,卡威K150GT
1732,1732,3511,199,卡威W1
1733,1733,4622,199,卡威E20
1734,1734,3409,199,卡威SUV
1735,1735,4621,199,卡威E10
1736,1736,4039,101,开瑞K60
1737,1737,3384,101,开瑞K50
1738,1738,2476,101,优优
1739,1739,3017,101,优优2代
1740,1740,2496,101,优劲
1741,1741,4478,101,开瑞K50EV
1742,1742,4477,101,优优EV
1743,1743,4504,101,开瑞X70
1744,1744,517,101,优翼
1745,1745,2489,101,优派
1746,1746,2492,101,优胜
1747,1747,2493,101,优胜2代
1748,1748,2484,101,优雅
1749,1749,3156,101,优雅2代
1750,1750,3854,101,杰虎
1751,1751,3586,214,凯翼C3
1752,1752,3581,214,凯翼C3R
1753,1753,4474,214,凯翼E3
1754,1754,3983,214,凯翼X3
1755,1755,3971,214,凯翼V3
1756,1756,4095,214,凯翼X5
1757,1757,4254,214,凯翼C3R EV
1758,1758,3686,214,凯翼CX3
1759,1759,3580,214,凯翼i-CX
1760,1760,4282,214,凯翼X7
1761,1761,3835,219,全球鹰K10
1762,1762,3836,219,全球鹰K11
1763,1763,4161,219,全球鹰K12
1764,1764,4160,219,全球鹰K17
1765,1765,4748,219,全球鹰EX3
1766,1766,2068,100,Agera
1767,1767,3377,100,One:1
1768,1768,3741,100,Regera
1769,1769,730,100,科尼赛克CCR
1770,1770,731,100,科尼赛克CCX
1771,1771,732,100,科尼赛克CCXR
1772,1772,2612,156,卡尔森 C25
1773,1773,2611,156,卡尔森 S级
1774,1774,2610,156,卡尔森 GL级
1775,1775,3299,191,开利
1776,1776,2419,139,战盾
1777,1777,2063,52,雷克萨斯CT
1778,1778,201,52,雷克萨斯IS
1779,1779,403,52,雷克萨斯ES
1780,1780,261,52,雷克萨斯GS
1781,1781,341,52,雷克萨斯LS
1782,1782,3442,52,雷克萨斯NX
1783,1783,112,52,雷克萨斯GX
1784,1784,3934,52,雷克萨斯RX
1785,1785,352,52,雷克萨斯LX
1786,1786,2623,52,雷克萨斯LC
1787,1787,3758,52,雷克萨斯RC
1788,1788,3737,52,雷克萨斯LF-SA
1789,1789,4593,52,LS概念车
1790,1790,3944,52,雷克萨斯LF-FC
1791,1791,4197,52,雷克萨斯UX
1792,1792,4644,52,雷克萨斯LF-1 Limitless
1793,1793,3658,52,雷克萨斯LF-C2
1794,1794,915,52,雷克萨斯LF-Ch
1795,1795,720,52,雷克萨斯HS
1796,1796,2307,52,雷克萨斯LF-Gh
1797,1797,698,52,雷克萨斯LF-Xh
1798,1798,3203,52,雷克萨斯LF-NX
1799,1799,351,52,雷克萨斯RX经典
1800,1800,2900,52,雷克萨斯LF-CC
1801,1801,332,52,雷克萨斯SC
1802,1802,3238,52,雷克萨斯RC F
1803,1803,3756,52,雷克萨斯IS F
1804,1804,3755,52,雷克萨斯GS F
1805,1805,697,52,雷克萨斯LFA
1806,1806,3871,49,发现神行
1807,1807,3521,49,揽胜极光
1808,1808,754,49,揽胜极光(进口)
1809,1809,4316,49,揽胜星脉
1810,1810,802,49,发现
1811,1811,850,49,揽胜运动版
1812,1812,69,49,揽胜
1813,1813,4579,49,揽胜新能源
1814,1814,4569,49,揽胜运动版新能源
1815,1815,2410,49,路虎DC100
1816,1816,3565,49,发现神行(进口)
1817,1817,256,49,卫士
1818,1818,3435,49,发现 Vision
1819,1819,77,49,神行者2
1820,1820,3174,49,Series I
1821,1821,3177,49,神行者
1822,1822,793,51,林肯MKZ
1823,1823,3731,51,林肯大陆
1824,1824,2991,51,林肯MKC
1825,1825,758,51,林肯MKX
1826,1826,95,51,领航员
1827,1827,4749,51,飞行家
1828,1828,4635,51,航海家
1829,1829,794,51,林肯MKT
1830,1830,870,51,林肯C
1831,1831,869,51,林肯MKS
1832,1832,4014,51,Model L
1833,1833,103,51,城市
1834,1834,75,53,北斗星
1835,1835,3216,53,北斗星X5
1836,1836,3112,53,利亚纳A6
1837,1837,4020,53,吉姆尼
1838,1838,2049,53,派喜
1839,1839,432,53,利亚纳
1840,1840,2534,53,浪迪
1841,1841,872,53,奥拓
1842,1842,362,53,雨燕
1843,1843,3528,53,启悦
1844,1844,529,53,天语 SX4
1845,1845,3858,53,维特拉
1846,1846,4435,53,骁途
1847,1847,3288,53,Authentics
1848,1848,94,53,羚羊
1849,1849,2242,53,天语 尚悦
1850,1850,3185,53,锋驭
1851,1851,508,53,吉姆尼(进口)
1852,1852,3926,53,英格尼斯
1853,1853,500,53,超级维特拉
1854,1854,3281,53,A:Wind
1855,1855,3358,53,CELERIO
1856,1856,3927,53,MIGHTY DECK
1857,1857,3012,53,SOLIO
1858,1858,4598,53,Spacia
1859,1859,2983,53,Wagon R
1860,1860,674,53,奥拓(海外)
1861,1861,2708,53,铃木G70
1862,1862,707,53,Splash(海外)
1863,1863,3744,53,铃木iK-2
1864,1864,2176,53,速翼特
1865,1865,3476,53,ALIVIO(海外)
1866,1866,3047,53,Authentics(海外)
1867,1867,3888,53,Baleno
1868,1868,3592,53,Ciaz
1869,1869,3260,53,Crosshiker
1870,1870,4561,53,e-Survivor
1871,1871,3584,53,VITARA(海外)
1872,1872,4036,53,锋驭(海外)
1873,1873,3745,53,铃木iM-4
1874,1874,3212,53,铃木iV-4
1875,1875,4559,53,铃木XBEE
1876,1876,4528,53,维特拉(海外)
1877,1877,2905,53,S-CROSS
1878,1878,3929,53,Air Triser
1879,1879,2225,53,铃木SX4(海外)
1880,1880,892,53,凯泽西
1881,1881,2022,53,铃木XL7
1882,1882,265,54,幻影
1883,1883,836,54,古思特
1884,1884,3015,54,魅影
1885,1885,3838,54,曜影
1886,1886,4153,54,VISION Next100
1887,1887,3728,54,劳斯莱斯20/25 HP
1888,1888,3778,54,库里南
1889,1889,4467,54,慧影
1890,1890,4636,54,Silver Cloud
1891,1891,3724,54,Silver Shadow
1892,1892,4098,10,科雷傲
1893,1893,3870,10,科雷嘉
1894,1894,908,10,风朗
1895,1895,2268,10,卡缤
1896,1896,2029,10,Espace
1897,1897,887,10,Twingo
1898,1898,3147,10,Twin-Run
1899,1899,3057,10,Twin-Z
1900,1900,3077,10,Twizy
1901,1901,3834,10,雷诺XBA
1902,1902,784,10,Clio
1903,1903,886,10,Symbol
1904,1904,3297,10,雷诺Logan
1905,1905,2706,10,雷诺ZOE
1906,1906,3612,10,Eolab
1907,1907,4718,10,EZ-GO
1908,1908,3368,10,Kwid
1909,1909,3865,10,Sandero
1910,1910,4548,10,SYMBIOZ
1911,1911,196,10,梅甘娜
1912,1912,2765,10,塔利斯曼
1913,1913,3222,10,Duster Detour
1914,1914,4249,10,Duster Extreme Concept
1915,1915,686,10,科雷傲(进口)
1916,1916,3717,10,科雷嘉(海外)
1917,1917,4216,10,雷诺Duster
1918,1918,3211,10,Initiale
1919,1919,3659,10,Kangoo
1920,1920,2285,10,R-Space
1921,1921,3892,10,Trafic
1922,1922,199,10,风景
1923,1923,2830,10,Alpine A110
1924,1924,3856,10,Alpine Celebration
1925,1925,4032,10,Alpine Vision
1926,1926,3719,10,Alpine Vision Gran Turismo
1927,1927,3940,10,Coupe Corbusier
1928,1928,4210,10,TREZOR
1929,1929,3905,10,Alaskan
1930,1930,3645,10,Duster Oroch
1931,1931,885,10,Kangoo be bop
1932,1932,188,10,拉古那
1933,1933,2184,10,纬度
1934,1934,257,10,威赛帝
1935,1935,2189,10,DeZir
1936,1936,2052,10,Wind
1937,1937,2775,48,Urus
1938,1938,3277,48,Huracan
1939,1939,2277,48,Aventador
1940,1940,3623,48,Asterion
1941,1941,4033,48,Centenario
1942,1942,3760,48,Diablo
1943,1943,3137,48,Egoista
1944,1944,4603,48,Terzo Millennio
1945,1945,3020,48,Veneno
1946,1946,3517,48,兰博基尼 5-95
1947,1947,2655,48,兰博基尼LM002
1948,1948,739,48,Estoque
1949,1949,354,48,Gallardo
1950,1950,174,48,Murcielago
1951,1951,727,48,Reventon
1952,1952,2215,48,Sesto Elemento
1953,1953,4111,78,猎豹CS9
1954,1954,4428,78,猎豹CS9新能源
1955,1955,3472,78,猎豹CS10
1956,1956,961,78,黑金刚
1957,1957,3150,78,猎豹Q6
1958,1958,4126,78,猎豹CT7
1959,1959,706,78,飞腾
1960,1960,4112,78,猎豹C5-EV
1961,1961,4804,78,猎豹CS3 BEV
1962,1962,4682,78,迈途
1963,1963,845,78,欧酷曼
1964,1964,815,78,猎豹CS7
1965,1965,3124,78,飞腾C5
1966,1966,962,78,猎豹6481
1967,1967,569,78,猎豹CS6
1968,1968,568,78,骐菱
1969,1969,2520,78,飞铃
1970,1970,2521,78,飞扬
1971,1971,3034,78,猎豹CT5
1972,1972,4221,279,领克01
1973,1973,4402,279,领克03
1974,1974,4225,279,LYNK概念车
1975,1975,4224,279,01概念车
1976,1976,4840,279,领克01新能源
1977,1977,4616,279,领克02
1978,1978,4302,88,陆风X2
1979,1979,2883,88,陆风X5
1980,1980,3413,88,陆风X7
1981,1981,833,88,陆风X8
1982,1982,4233,88,陆风逍遥
1983,1983,571,88,风华
1984,1984,501,88,陆风X6
1985,1985,635,88,陆风X9
1986,1986,468,88,风尚
1987,1987,3864,241,RALLY FIGHTER
1988,1988,4332,80,力帆330EV
1989,1989,4329,80,力帆620EV
1990,1990,3326,80,力帆820
1991,1991,3220,80,力帆X50
1992,1992,2134,80,力帆X60
1993,1993,3987,80,迈威
1994,1994,3759,80,力帆X80
1995,1995,4194,80,轩朗
1996,1996,2503,80,丰顺
1997,1997,2800,80,福顺
1998,1998,3631,80,乐途
1999,1999,2502,80,兴顺
2000,2000,3228,80,力帆T11
2001,2001,3229,80,力帆T21
2002,2002,4124,80,力帆650
2003,2003,4773,80,力帆650EV
2004,2004,3798,80,力帆X40
2005,2005,4454,80,力帆X70
2006,2006,3797,80,力帆X70概念车
2007,2007,597,80,力帆320
2008,2008,3082,80,力帆330
2009,2009,2957,80,力帆530
2010,2010,443,80,力帆520
2011,2011,596,80,力帆620
2012,2012,3083,80,力帆630
2013,2013,2312,80,力帆720
2014,2014,583,89,竞速
2015,2015,691,89,竞悦
2016,2016,928,89,莲花L3
2017,2017,2125,89,莲花L5
2018,2018,2782,89,莲花L6
2019,2019,2802,89,莲花T5
2020,2020,2344,89,莲花Europa
2021,2021,3590,215,雷丁E60
2022,2022,4843,124,理念纯电动CONCEPT
2023,2023,2248,124,理念S1
2024,2024,272,50,Elise
2025,2025,681,50,Evora
2026,2026,891,50,Exige
2027,2027,3867,50,3-Eleven
2028,2028,2221,50,Elan
2029,2029,2223,50,Elite
2030,2030,330,50,Esprit
2031,2031,2222,50,Eterne
2032,2032,2620,50,Europa
2033,2033,2621,50,Excel
2034,2034,2102,118,Lorinser S级
2035,2035,4600,118,Lorinser GS500
2036,2036,4509,204,威途X35
2037,2037,4121,265,LeSEE
2038,2038,4694,320,LEVC TX
2039,2039,4273,285,Lucid Air
2040,2040,3900,244,Vesta
2041,2041,4188,244,XCODE
2042,2042,3950,244,XRAY
2043,2043,4501,244,泥瓦
2044,2044,4720,323,Lagonda Vision Concept
2045,2045,2271,121,Ypsilon
2046,2046,2430,121,Flavia
2047,2047,2240,121,蓝旗亚Delta
2048,2048,2509,121,Thema
2049,2049,2239,121,Stratos
2050,2050,3105,183,朗世
2051,2051,4442,183,RF-EA2
2052,2052,4068,261,雷诺三星SM6
2053,2053,4148,261,雷诺三星QM6
2054,2054,4677,318,LP-S01
2055,2055,3666,225,领志i1
2056,2056,4667,316,天王星
2057,2057,4726,316,Venere
2058,2058,3294,58,马自达3 Axela昂克赛拉
2059,2059,2987,58,马自达CX-5
2060,2060,433,58,马自达2
2061,2061,641,58,马自达2劲翔
2062,2062,363,58,马自达3
2063,2063,2418,58,马自达3星骋
2064,2064,3154,58,阿特兹
2065,2065,3968,58,马自达CX-4
2066,2066,22,58,马自达6
2067,2067,655,58,睿翼
2068,2068,3066,58,马自达CX-7
2069,2069,2118,58,马自达8
2070,2070,3538,58,马自达CX-3
2071,2071,672,58,马自达MX-5
2072,2072,3394,58,Hazumi
2073,2073,946,58,马自达2(海外)
2074,2074,4591,58,魁
2075,2075,584,58,马自达3(进口)
2076,2076,3096,58,ATENZA
2077,2077,2518,58,Takeri
2078,2078,728,58,马自达6(进口)
2079,2079,3887,58,KOERU越
2080,2080,2284,58,Minagi
2081,2081,2391,58,马自达CX-5(进口)
2082,2082,4452,58,马自达CX-8
2083,2083,1005,58,马自达CX-9
2084,2084,4590,58,VISION COUPE
2085,2085,3694,58,马自达LM55
2086,2086,3942,58,马自达RX-VISION
2087,2087,3850,58,马自达BT-50
2088,2088,2933,58,Kiyora
2089,2089,4071,58,Millenia
2090,2090,2202,58,Shinari
2091,2091,658,58,马自达CX-7(进口)
2092,2092,578,58,马自达5
2093,2093,304,58,马自达8(进口)
2094,2094,2934,58,Ryuga
2095,2095,2647,58,马自达RX-7
2096,2096,295,58,马自达RX-8
2097,2097,2147,20,名爵3
2098,2098,555,20,名爵3SW
2099,2099,835,20,名爵6
2100,2100,4605,20,名爵6新能源
2101,2101,3547,20,锐行
2102,2102,4247,20,名爵ZS
2103,2103,3065,20,锐腾
2104,2104,2758,20,ICON
2105,2105,3815,20,名爵iGS
2106,2106,4816,20,名爵X-motion
2107,2107,4395,20,名爵E-motion
2108,2108,532,20,名爵5
2109,2109,531,20,名爵7
2110,2110,533,20,名爵TF
2111,2111,3060,57,Ghibli
2112,2112,289,57,总裁
2113,2113,2428,57,Levante
2114,2114,551,57,GranTurismo
2115,2115,903,57,GranCabrio
2116,2116,3402,57,Alfieri
2117,2117,322,57,Coupe
2118,2118,3842,57,Mostro
2119,2119,974,57,GranSport
2120,2120,2709,57,玛莎拉蒂MC12
2121,2121,191,57,玛莎拉蒂Spyder
2122,2122,2902,129,迈凯伦P1
2123,2123,3809,129,迈凯伦540C
2124,2124,4040,129,迈凯伦570GT
2125,2125,3767,129,迈凯伦570S
2126,2126,4366,129,迈凯伦720S
2127,2127,3620,129,迈凯伦625C
2128,2128,3382,129,迈凯伦650S
2129,2129,3733,129,迈凯伦675LT
2130,2130,3247,129,迈凯伦500S
2131,2131,4564,129,迈凯伦BP23
2132,2132,3527,129,迈凯伦P15
2133,2133,2872,129,迈凯伦X-1
2134,2134,4650,129,迈凯伦塞纳
2135,2135,2293,129,迈凯伦12C
2136,2136,3024,129,迈凯伦F1
2137,2137,209,56,MINI
2138,2138,749,56,MINI CLUBMAN
2139,2139,750,56,MINI COUNTRYMAN
2140,2140,2276,56,MINI ROCKETMAN
2141,2141,2676,56,MINI CLUBVAN
2142,2142,4529,56,MINI Electric
2143,2143,3172,56,MINI VISION
2144,2144,4152,56,MINI VISION Next100
2145,2145,3516,56,MINI Superleggera Vision
2146,2146,930,56,MINI ROADSTER
2147,2147,3042,56,MINI VAN
2148,2148,2007,56,MINI BEACHCOMBER
2149,2149,2241,56,MINI PACEMAN
2150,2150,904,56,MINI COUPE
2151,2151,3178,56,MINI JCW
2152,2152,3179,56,MINI JCW CLUBMAN
2153,2153,3181,56,MINI JCW COUNTRYMAN
2154,2154,3182,56,MINI JCW PACEMAN
2155,2155,3180,56,MINI JCW COUPE
2156,2156,4049,168,摩根EV3
2157,2157,3491,168,3 Wheeler
2158,2158,3153,168,摩根4-4
2159,2159,2835,168,摩根Aero
2160,2160,3736,168,摩根Aero 8
2161,2161,3152,168,摩根Plus 4
2162,2162,2836,168,摩根Plus 8
2163,2163,3151,168,摩根Roadster
2164,2164,389,55,迈巴赫
2165,2165,3738,229,MILA Plus
2166,2166,4010,250,KUV 100
2167,2167,4145,268,Evantra Millecavalli
2168,2168,2988,130,纳5
2169,2169,3939,130,锐3
2170,2170,4497,130,U5 SUV
2171,2171,3293,130,优6 SUV
2172,2172,2295,130,大7 SUV
2173,2173,3040,130,大7 MPV
2174,2174,2296,130,MASTER CEO
2175,2175,4649,130,U5 EV
2176,2176,2320,130,neora
2177,2177,2609,130,S5 TURBO
2178,2178,4540,130,裕隆汽车U5
2179,2179,3242,130,U6 TURBO
2180,2180,2303,130,U7 TURBO
2181,2181,3432,213,开沃D11
2182,2182,4323,228,QUANT 48Volt
2183,2183,3725,228,QUANT F
2184,2184,3746,228,Quantino
2185,2185,4470,295,NEVS 9-3
2186,2186,4471,295,NEVS 9-3X
2187,2187,2377,136,Noble M600
2188,2188,2374,136,Noble M12
2189,2189,2375,136,Noble M14
2190,2190,2376,136,Noble M15
2191,2191,4381,60,讴歌TLX-L
2192,2192,4096,60,讴歌CDX
2193,2193,4820,60,讴歌RDX
2194,2194,524,60,讴歌MDX
2195,2195,806,60,讴歌ZDX
2196,2196,2641,60,讴歌NSX
2197,2197,888,60,讴歌RDX(进口)
2198,2198,2642,60,讴歌ILX
2199,2199,3328,60,讴歌TLX
2200,2200,755,60,讴歌TSX
2201,2201,2748,60,讴歌RLX
2202,2202,3109,60,SUV-X
2203,2203,4005,60,PRECISION
2204,2204,479,60,讴歌TL
2205,2205,464,60,讴歌RL
2206,2206,2710,60,Integra
2207,2207,2563,146,欧朗
2208,2208,2859,59,欧宝Adam
2209,2209,3679,59,Karl
2210,2210,753,59,欧宝Corsa
2211,2211,785,59,Ampera
2212,2212,348,59,雅特
2213,2213,653,59,英速亚
2214,2214,4295,59,欧宝Crossland X
2215,2215,2645,59,欧宝Mokka
2216,2216,4296,59,Grandland X
2217,2217,3912,59,Vivaro
2218,2218,2021,59,麦瑞纳
2219,2219,381,59,赛飞利
2220,2220,3193,59,Monza
2221,2221,2916,59,欧宝Cascada
2222,2222,2092,59,欧宝GT
2223,2223,993,59,Agila
2224,2224,2416,59,欧宝RAK
2225,2225,182,59,威达
2226,2226,670,59,安德拉
2227,2227,2071,59,Flextreme GT-E
2228,2228,625,331,欧拉
2229,2229,4826,331,欧拉R1
2230,2230,4827,331,欧拉R2
2231,2231,4678,331,欧拉iQ
2232,2232,3879,242,欧联M1
2233,2233,4660,332,COS1°
2234,2234,2263,61,Huayra
2235,2235,366,61,Zonda
2236,2236,4581,308,Polestar 1
2237,2237,3092,186,CEVENNES
2238,2238,3625,186,Coastline
2239,2239,3102,186,HEMERA
2240,2240,4505,62,KX CROSS
2241,2241,4387,62,焕驰
2242,2242,2319,62,起亚K2
2243,2243,813,62,福瑞迪
2244,2244,2886,62,起亚K3
2245,2245,4523,62,凯绅
2246,2246,3286,62,起亚K4
2247,2247,2246,62,起亚K5
2248,2248,3664,62,起亚KX3
2249,2249,3954,62,起亚KX5
2250,2250,2137,62,智跑
2251,2251,4200,62,起亚KX7
2252,2252,4834,62,起亚K5新能源
2253,2253,4824,62,奕跑
2254,2254,142,62,千里马
2255,2255,454,62,锐欧
2256,2256,876,62,秀尔
2257,2257,413,62,赛拉图
2258,2258,3385,62,起亚K3S
2259,2259,298,62,远舰
2260,2260,565,62,狮跑
2261,2261,284,62,嘉华
2262,2262,2681,62,起亚K9
2263,2263,2420,62,斯汀格
2264,2264,3198,62,极睿
2265,2265,281,62,索兰托
2266,2266,591,62,霸锐
2267,2267,453,62,佳乐
2268,2268,3448,62,嘉华(进口)
2269,2269,2032,62,Picanto
2270,2270,3018,62,Provo
2271,2271,2616,62,Ray EV
2272,2272,666,62,Soul
2273,2273,2274,62,锐欧(海外)
2274,2274,757,62,Forte
2275,2275,919,62,Venga
2276,2276,899,62,起亚Ceed
2277,2277,3044,62,起亚CUB
2278,2278,2866,62,起亚K3(海外)
2279,2279,890,62,起亚K5(进口)
2280,2280,4536,62,Proceed
2281,2281,3729,62,SPORTSPACE
2282,2282,1010,62,凯尊
2283,2283,3265,62,起亚K900
2284,2284,4475,62,Stonic
2285,2285,4688,62,起亚SP
2286,2286,452,62,SPORTAGE
2287,2287,4669,62,极睿新能源
2288,2288,3009,62,Cross GT
2289,2289,4004,62,Telluride
2290,2290,3342,62,GT4 Stinger
2291,2291,2219,62,起亚POP
2292,2292,2002,62,Magentis
2293,2293,275,62,欧菲莱斯
2294,2294,2301,62,Naimo
2295,2295,502,62,起亚VQ
2296,2296,2048,62,起亚Kee
2297,2297,1016,62,速迈
2298,2298,2989,26,奇瑞QQ
2299,2299,3405,26,艾瑞泽5
2300,2300,2980,26,艾瑞泽7
2301,2301,2324,26,奇瑞E5
2302,2302,3397,26,瑞虎3
2303,2303,4099,26,瑞虎3x
2304,2304,3195,26,瑞虎5
2305,2305,4531,26,瑞虎5x
2306,2306,3766,26,瑞虎7
2307,2307,4693,26,瑞虎8
2308,2308,2914,26,爱卡
2309,2309,2772,26,奇瑞@ANT
2310,2310,3285,26,奇瑞E2
2311,2311,4787,26,艾瑞泽GX
2312,2312,4084,26,奇瑞FV2030
2313,2313,3446,26,concept β
2314,2314,4822,26,奇瑞EXEED LX
2315,2315,4516,26,奇瑞EXEED TX
2316,2316,2759,26,奇瑞TX
2317,2317,4406,26,瑞虎概念轿跑SUV
2318,2318,87,26,奇瑞QQ3
2319,2319,478,26,奇瑞QQ6
2320,2320,612,26,奇瑞QQme
2321,2321,996,26,旗云1
2322,2322,837,26,风云2
2323,2323,518,26,奇瑞A1
2324,2324,2953,26,奇瑞E3
2325,2325,85,26,旗云
2326,2326,2178,26,旗云2
2327,2327,3157,26,艾瑞泽3
2328,2328,4223,26,艾瑞泽7e
2329,2329,84,26,风云
2330,2330,530,26,奇瑞A3
2331,2331,434,26,奇瑞A5
2332,2332,3445,26,奇瑞α5
2333,2333,3072,26,奇瑞α7
2334,2334,2180,26,旗云3
2335,2335,83,26,东方之子
2336,2336,2331,26,旗云5
2337,2337,621,26,东方之子6
2338,2338,854,26,奇瑞X1
2339,2339,396,26,瑞虎
2340,2340,3071,26,奇瑞β5
2341,2341,3300,26,艾瑞泽M7
2342,2342,451,26,东方之子Cross
2343,2343,3648,26,奇瑞eQ
2344,2344,4218,26,奇瑞eQ1
2345,2345,4262,26,艾瑞泽5e
2346,2346,4624,26,瑞虎3xe
2347,2347,4627,26,奇瑞C3e
2348,2348,3920,26,奇瑞QQ3EV
2349,2349,2955,122,晨风
2350,2350,2341,122,启辰D50
2351,2351,4490,122,启辰D60
2352,2352,2867,122,启辰R50
2353,2353,3226,122,启辰R50X
2354,2354,3618,122,启辰T70
2355,2355,3904,122,启辰T70X
2356,2356,4115,122,启辰T90
2357,2357,4315,122,启辰M50V
2358,2358,3114,122,启辰ViWa
2359,2359,3787,122,启辰VOW
2360,2360,4821,122,启辰The X
2361,2361,3475,122,启辰R30
2362,2362,4431,289,祺智PHEV
2363,2363,4656,312,庆铃TAGA
2364,2364,3820,235,前途K50
2365,2365,4779,235,前途K20
2366,2366,4780,235,前途Concept 1
2367,2367,3621,222,乔治·巴顿
2368,2368,2086,63,玛驰
2369,2369,522,63,骊威
2370,2370,425,63,骐达
2371,2371,448,63,轩逸
2372,2372,64,63,阳光
2373,2373,3817,63,LANNIA 蓝鸟
2374,2374,634,63,天籁
2375,2375,3957,63,西玛
2376,2376,4305,63,劲客
2377,2377,564,63,逍客
2378,2378,656,63,奇骏
2379,2379,2381,63,楼兰
2380,2380,4766,63,轩逸·纯电
2381,2381,355,63,颐达
2382,2382,63,63,蓝鸟
2383,2383,475,63,骏逸
2384,2384,4691,63,途达
2385,2385,2113,63,日产NV200
2386,2386,4307,63,纳瓦拉
2387,2387,2466,63,日产D22
2388,2388,2853,63,日产ZN厢式车
2389,2389,53,63,帕拉丁
2390,2390,264,63,途乐
2391,2391,438,63,贵士
2392,2392,702,63,日产370Z
2393,2393,436,63,日产GT-R
2394,2394,2578,63,碧莲
2395,2395,2656,63,Invitation
2396,2396,764,63,Cube
2397,2397,992,63,Note
2398,2398,3743,63,Sway
2399,2399,3930,63,Teatro for Dayz
2400,2400,2070,63,玛驰(海外)
2401,2401,3110,63,Friend-ME
2402,2402,3509,63,Pulsar
2403,2403,2890,63,Sentra
2404,2404,2186,63,Versa
2405,2405,894,63,聆风
2406,2406,3943,63,日产IDS
2407,2407,932,63,Altima
2408,2408,3353,63,Sport Sedan
2409,2409,4289,63,Vmotion 2.0
2410,2410,4595,63,日产IMx
2411,2411,751,63,西玛(海外)
2412,2412,2918,63,Extrem
2413,2413,2054,63,JUKE
2414,2414,2893,63,Terra
2415,2415,3641,63,劲客(海外)
2416,2416,2701,63,Hi-Cross
2417,2417,2194,63,Rogue
2418,2418,208,63,奇骏(进口)
2419,2419,775,63,逍客(海外)
2420,2420,2996,63,Resonance
2421,2421,958,63,楼兰(海外)
2422,2422,2061,63,Pathfinder
2423,2423,4675,63,Xmotion
2424,2424,960,63,ARMADA
2425,2425,3274,63,Serena
2426,2426,838,63,日产NV200(海外)
2427,2427,4730,63,日产NV200新能源(海外)
2428,2428,4138,63,日产NV300
2429,2429,2550,63,日产NV3500
2430,2430,3531,63,2020 Vision Gran Turismo
2431,2431,3241,63,BladeGlider
2432,2432,2266,63,Esflow
2433,2433,3914,63,Gripz
2434,2434,3255,63,日产IDX
2435,2435,2981,63,Frontier
2436,2436,2479,63,Titan
2437,2437,3534,63,纳瓦拉(海外)
2438,2438,937,63,Land Glider
2439,2439,2549,63,Pivo 3
2440,2440,3469,63,蓝鸟·印象
2441,2441,205,63,风度
2442,2442,376,63,风雅
2443,2443,3635,63,Cedric
2444,2444,204,63,CIMA
2445,2445,2680,63,Silvia
2446,2446,316,63,日产350Z
2447,2447,2779,19,荣威e50
2448,2448,2062,19,荣威350
2449,2449,3857,19,荣威360
2450,2450,537,19,荣威550
2451,2451,3978,19,荣威e550
2452,2452,4554,19,荣威Ei5
2453,2453,4263,19,荣威ei6
2454,2454,4246,19,荣威i6
2455,2455,2743,19,荣威950
2456,2456,3977,19,荣威e950
2457,2457,4473,19,荣威RX3
2458,2458,4080,19,荣威RX5
2459,2459,4240,19,荣威RX5新能源
2460,2460,2297,19,荣威W5
2461,2461,4665,19,荣威RX8
2462,2462,4399,19,Vision-E
2463,2463,4653,19,Marvel X
2464,2464,3956,19,Vision-R
2465,2465,482,19,荣威750
2466,2466,2970,174,如虎 CTR 3
2467,2467,3748,174,Turbo Florio
2468,2468,4479,296,瑞驰新能源EC35
2469,2469,4053,254,RXC Turbo
2470,2470,3701,227,RENOVO COUPE
2471,2471,3860,239,Beast
2472,2472,4037,252,Concept One
2473,2473,4052,252,Concept S
2474,2474,4728,252,Concept Two
2475,2475,3684,193,Budii
2476,2476,3315,193,XchangE
2477,2477,4648,193,Snap
2478,2478,3986,193,Etos
2479,2479,804,103,瑞麒M1
2480,2480,2173,103,瑞麒M3
2481,2481,2507,103,瑞麒G2
2482,2482,853,103,瑞麒M5
2483,2483,2109,103,瑞麒G3
2484,2484,797,103,瑞麒G5
2485,2485,791,103,瑞麒G6
2486,2486,662,103,瑞麒A6CC
2487,2487,4690,67,柯米克
2488,2488,382,67,晶锐
2489,2489,519,67,明锐
2490,2490,3290,67,昕动
2491,2491,2962,67,昕锐
2492,2492,3171,67,速派
2493,2493,4453,67,柯珞克
2494,2494,4217,67,柯迪亚克
2495,2495,3013,67,Yeti
2496,2496,772,67,昊锐
2497,2497,356,67,明锐(进口)
2498,2498,3269,67,速尊
2499,2499,2463,67,Citigo
2500,2500,3770,67,Favorit
2501,2501,795,67,晶锐(海外)
2502,2502,2421,67,MissionL
2503,2503,3369,67,VISION C
2504,2504,2286,67,VISION D
2505,2505,3270,67,昕动(海外)
2506,2506,2843,67,昕锐(海外)
2507,2507,357,67,速派(进口)
2508,2508,4692,67,VISION X
2509,2509,858,67,Yeti(进口)
2510,2510,4021,67,VISION S
2511,2511,4451,67,柯珞克(海外)
2512,2512,4389,67,VISION E
2513,2513,4129,67,柯迪亚克(海外)
2514,2514,3452,67,CitiJet
2515,2515,2003,67,Roomster
2516,2516,3832,67,Felicia
2517,2517,3458,67,斯柯达1000 MB
2518,2518,3753,67,斯柯达440
2519,2519,4651,67,斯柯达VOS
2520,2520,25,68,欧蓝德经典
2521,2521,24,68,帕杰罗速跑
2522,2522,873,68,翼神
2523,2523,3131,68,风迪思
2524,2524,458,68,蓝瑟
2525,2525,483,68,三菱戈蓝
2526,2526,668,68,君阁
2527,2527,128,68,菱绅
2528,2528,2768,68,劲炫ASX
2529,2529,4147,68,欧蓝德
2530,2530,3008,68,帕杰罗·劲畅
2531,2531,4807,68,Eclipse Cross
2532,2532,377,68,帕杰罗
2533,2533,4313,68,GRAND LANCER
2534,2534,580,68,帕杰罗(进口)
2535,2535,3145,68,Attrage
2536,2536,3219,68,eK Space
2537,2537,2287,68,Global Small
2538,2538,2588,68,Mirage
2539,2539,3021,68,三菱CA-MiEV
2540,2540,652,68,三菱i
2541,2541,369,68,LANCER
2542,2542,3348,68,Mirage G4
2543,2543,3070,68,三菱G4
2544,2544,3932,68,三菱eX
2545,2545,1018,68,ASX劲炫(进口)
2546,2546,4308,68,Eclipse Cross(海外)
2547,2547,4573,68,e-EVOLUTION
2548,2548,486,68,欧蓝德(进口)
2549,2549,4722,68,欧蓝德PHEV(进口)
2550,2550,4203,68,三菱GT-PHEV
2551,2551,3253,68,三菱XR-PHEV
2552,2552,2332,68,帕杰罗·劲畅(进口)
2553,2553,3252,68,三菱GC-PHEV
2554,2554,4500,68,Xpander
2555,2555,3254,68,三菱AR
2556,2556,4180,68,三菱XM
2557,2557,3022,68,三菱GR-HEV
2558,2558,3525,68,三菱L200
2559,2559,760,68,Colt
2560,2560,933,68,三菱PX-MiEV
2561,2561,325,68,格蓝迪
2562,2562,2648,68,三菱3000GT
2563,2563,651,68,伊柯丽斯
2564,2564,287,65,力狮
2565,2565,2417,65,斯巴鲁XV
2566,2566,285,65,森林人
2567,2567,286,65,傲虎
2568,2568,3251,65,CROSS SPORT
2569,2569,4562,65,VIZIV Performance
2570,2570,4721,65,VIZIV Tourer
2571,2571,3263,65,斯巴鲁WRX
2572,2572,283,65,翼豹
2573,2573,3250,65,LEVORG
2574,2574,3023,65,Viziv
2575,2575,3261,65,Crossover 7
2576,2576,4398,65,Ascent
2577,2577,4257,65,VIZIV-7
2578,2578,948,65,Exiga
2579,2579,2283,65,Trezia
2580,2580,2557,65,斯巴鲁BRZ
2581,2581,941,65,Hybrid
2582,2582,2586,65,Advanced Tourer
2583,2583,414,65,驰鹏
2584,2584,3532,65,斯巴鲁SVX
2585,2585,4120,155,上汽大通D90
2586,2586,4338,155,上汽大通EG10
2587,2587,3064,155,上汽大通G10
2588,2588,2608,155,上汽大通V80
2589,2589,4241,155,上汽大通T60
2590,2590,4814,155,TARANTULA
2591,2591,4686,155,上汽大通G50
2592,2592,3192,155,伊思坦纳
2593,2593,141,69,主席
2594,2594,3406,69,蒂维拉
2595,2595,2214,69,柯兰多
2596,2596,455,69,爱腾
2597,2597,3132,69,雷斯特W
2598,2598,516,69,路帝
2599,2599,3372,69,途凌
2600,2600,3723,69,RIOS
2601,2601,3908,69,双龙XLV-Air
2602,2602,4719,69,双龙e-SIV
2603,2603,4030,69,双龙SIV-2
2604,2604,3773,69,双龙XAV
2605,2605,3907,69,双龙XAV-Adventure
2606,2606,139,69,雷斯特
2607,2607,4201,69,双龙LIV-2
2608,2608,4357,69,双龙XAVL
2609,2609,4220,69,Musso
2610,2610,2907,69,双龙e-XIV
2611,2611,2437,69,双龙XIV-1
2612,2612,2699,69,双龙XIV-2
2613,2613,3609,69,双龙XIV-Adventure
2614,2614,3608,69,双龙XIV-Air
2615,2615,817,69,双龙C200
2616,2616,3029,69,双龙SIV-1
2617,2617,485,69,享御
2618,2618,3039,69,双龙LIV-1
2619,2619,3966,205,赛麟领道
2620,2620,3488,205,迈迈
2621,2621,4607,205,赛麟S1
2622,2622,3468,205,赛麟S7
2623,2623,3487,205,赛麟科迈罗
2624,2624,3485,205,赛麟挑战者
2625,2625,3486,205,赛麟Mustang
2626,2626,620,45,smart fortwo
2627,2627,1004,45,smart forfour
2628,2628,4328,45,smart forfour新能源
2629,2629,2958,45,smart forjeremy
2630,2630,2898,45,smart forstars
2631,2631,4326,45,smart fortwo新能源
2632,2632,3205,45,smart fourjoy
2633,2633,4551,45,smart Vision EQ fortwo
2634,2634,2638,45,smart for-us
2635,2635,2273,45,smart forspeed
2636,2636,2436,45,smart forvision
2637,2637,2750,45,smart roadster
2638,2638,2751,162,思铭
2639,2639,4336,269,SWM斯威X3
2640,2640,4151,269,SWM斯威X7
2641,2641,4684,269,SWM斯威G01
2642,2642,3769,137,Scion iA
2643,2643,2382,137,Scion xB
2644,2644,3660,137,Scion iM
2645,2645,3962,137,Scion C-HR
2646,2646,2590,137,Scion FR-S
2647,2647,2383,137,Scion tC
2648,2648,2384,137,Scion xD
2649,2649,4752,325,SF SF5
2650,2650,4753,325,SF SF7
2651,2651,4060,258,SIN R1
2652,2652,4795,330,SOL E20X
2653,2653,2254,127,Spirra思派朗
2654,2654,2398,138,Tuatara
2655,2655,2399,138,Ultimate
2656,2656,343,64,Saab 9-3
2657,2657,2635,64,Saab 92
2658,2658,2632,64,Saab 9-2X
2659,2659,2633,64,Saab 96
2660,2660,2630,64,Saab 900
2661,2661,2636,64,Saab 93
2662,2662,2634,64,Saab 99
2663,2663,2631,64,Saab 9000
2664,2664,211,64,Saab 9-5
2665,2665,2067,64,Saab 9-4X
2666,2666,867,64,Saab 9-7
2667,2667,2289,64,PhoeniX
2668,2668,741,64,Saab 9-X
2669,2669,2637,64,Sonett
2670,2670,2982,178,上海SH760
2671,2671,599,66,世爵C8
2672,2672,654,66,世爵D12
2673,2673,3025,66,世爵B6
2674,2674,742,66,世爵C12
2675,2675,2783,147,首望
2676,2676,506,90,小贵族
2677,2677,13,90,来宝SRV
2678,2678,345,90,双环SCEO
2679,2679,3675,226,Haflinger
2680,2680,4078,133,Model 3
2681,2681,2357,133,Model S
2682,2682,2664,133,Model X
2683,2683,2356,133,Roadster
2684,2684,3393,202,泰卡特 T9
2685,2685,3392,202,泰卡特 T7
2686,2686,3389,202,泰卡特 T1
2687,2687,3390,202,泰卡特 T2
2688,2688,3391,202,泰卡特 T3
2689,2689,2805,161,腾势
2690,2690,3833,236,TOROIDION 1MW
2691,2691,2249,125,Tramontana
2692,2692,4538,135,Griffith
2693,2693,2373,135,Sagaris
2694,2694,2372,135,Tuscan
2695,2695,3973,200,Zica
2696,2696,4063,200,Tiago
2697,2697,4727,200,EVision
2698,2698,3370,200,Nexon
2699,2699,4703,200,塔塔H5X
2700,2700,3752,200,HEXA
2701,2701,3536,200,Xenon
2702,2702,4059,255,AT96 TREV
2703,2703,4058,255,GT96 TREV
2704,2704,4367,255,至仁
2705,2705,4354,287,Dendrobium
2706,2706,4006,249,Force 1
2707,2707,463,70,沃尔沃S40
2708,2708,693,70,沃尔沃S80L
2709,2709,3158,70,沃尔沃S60L
2710,2710,4335,70,沃尔沃S60L新能源
2711,2711,4206,70,沃尔沃S90
2712,2712,3411,70,沃尔沃XC60
2713,2713,4609,70,沃尔沃XC60新能源
2714,2714,3420,70,XC Classic
2715,2715,2678,70,沃尔沃V40
2716,2716,404,70,沃尔沃S60
2717,2717,2190,70,沃尔沃V60
2718,2718,4029,70,沃尔沃V90
2719,2719,177,70,沃尔沃XC90
2720,2720,4337,70,沃尔沃XC90新能源
2721,2721,4135,70,Concept 40.2
2722,2722,3396,70,Estate
2723,2723,747,70,沃尔沃V50
2724,2724,175,70,沃尔沃S80
2725,2725,3861,70,沃尔沃S90(进口)
2726,2726,743,70,沃尔沃V70
2727,2727,2345,70,Universe
2728,2728,2426,70,沃尔沃You
2729,2729,4134,70,Concept 40.1
2730,2730,3689,70,沃尔沃XC40
2731,2731,585,70,沃尔沃XC60(进口)
2732,2732,405,70,沃尔沃XC70
2733,2733,3314,70,XC Coupe
2734,2734,3196,70,沃尔沃Coupe
2735,2735,494,70,沃尔沃C30
2736,2736,981,70,沃尔沃S40(进口)
2737,2737,2234,70,Air Motion
2738,2738,406,70,沃尔沃C70
2739,2739,4253,283,WEY VV5
2740,2740,4441,283,WEY P8
2741,2741,4252,283,WEY VV7
2742,2742,4631,283,WEY VV6
2743,2743,4782,283,WEY-X
2744,2744,4541,283,WEY XEV
2745,2745,4408,114,五菱宏光S3
2746,2746,2139,114,五菱宏光
2747,2747,2451,114,五菱荣光
2748,2748,3657,114,五菱荣光V
2749,2749,2456,114,五菱之光
2750,2750,4270,114,五菱之光V
2751,2751,2506,114,PN货车
2752,2752,2855,114,五菱荣光小卡
2753,2753,3946,114,五菱之光小卡
2754,2754,3570,114,五菱征程
2755,2755,4265,284,蔚来EP9
2756,2756,4427,284,蔚来ES8
2757,2757,4373,284,蔚来EVE
2758,2758,3576,167,mu-X牧游侠
2759,2759,3562,167,D-MAX
2760,2760,4775,167,铃拓
2761,2761,3935,167,瑞迈
2762,2762,2834,167,五十铃皮卡
2763,2763,3571,167,五十铃mu-X(海外)
2764,2764,3564,167,D-MAX(海外)
2765,2765,4652,291,威马EX5
2766,2766,4446,291,威马AG2020
2767,2767,4819,291,威马EX6
2768,2768,4818,291,Commendatore GT
2769,2769,3306,192,英致G3
2770,2770,3882,192,英致G5
2771,2771,3969,192,英致727
2772,2772,3653,192,英致737
2773,2773,4657,192,英致EX1
2774,2774,3337,192,英致P80
2775,2775,3799,233,Lykan HyperSport
2776,2776,3953,233,芬尼尔SuperSport
2777,2777,613,102,威麟X5
2778,2778,909,102,威麟V5
2779,2779,839,102,威麟V8
2780,2780,2539,102,威麟H5
2781,2781,2538,102,威麟H3
2782,2782,725,99,威兹曼GT
2783,2783,2291,99,威兹曼Spyder
2784,2784,959,99,威兹曼Roadster
2785,2785,3606,159,VIVA
2786,2786,2858,159,沃克斯豪尔Adam
2787,2787,2670,159,沃克斯豪尔Corsa
2788,2788,2672,159,Astra
2789,2789,2668,159,沃克斯豪尔Insignia
2790,2790,2667,159,沃克斯豪尔VXR8
2791,2791,4297,159,Crossland X
2792,2792,4143,159,沃克斯豪尔Zafira
2793,2793,3037,159,沃克斯豪尔Cascada
2794,2794,3988,159,Maloo
2795,2795,3826,159,沃克斯豪尔LM14/40
2796,2796,2115,12,瑞纳
2797,2797,3415,12,瑞奕
2798,2798,4107,12,悦纳
2799,2799,4222,12,悦纳RV
2800,2800,586,12,悦动
2801,2801,2764,12,朗动
2802,2802,3959,12,领动
2803,2803,4496,12,伊兰特EV
2804,2804,3073,12,名图
2805,2805,3672,12,索纳塔九
2806,2806,4615,12,ENCINO
2807,2807,3292,12,北京现代ix25
2808,2808,358,12,途胜
2809,2809,1007,12,北京现代ix35
2810,2810,2927,12,全新胜达
2811,2811,4229,12,CELESTA
2812,2812,4833,12,悦动RV
2813,2813,4817,12,LAFESTA
2814,2814,4654,12,索纳塔新能源
2815,2815,431,12,雅绅特
2816,2816,814,12,北京现代i30
2817,2817,51,12,伊兰特
2818,2818,690,12,领翔
2819,2819,866,12,名驭
2820,2820,2649,12,索纳塔
2821,2821,50,12,索纳塔八
2822,2822,429,12,御翔
2823,2823,3613,12,康恩迪
2824,2824,2256,12,Veloster飞思
2825,2825,446,12,雅尊
2826,2826,3453,12,捷恩斯
2827,2827,255,12,雅科仕
2828,2828,3164,12,格越
2829,2829,2117,12,H-1辉翼
2830,2830,995,12,现代i10
2831,2831,3366,12,Xcent
2832,2832,3245,12,瑞纳(海外)
2833,2833,2899,12,现代HB20
2834,2834,805,12,现代i20
2835,2835,2206,12,现代ix20
2836,2836,936,12,雅绅特(海外)
2837,2837,3651,12,Aslan
2838,2838,2174,12,Avante
2839,2839,2698,12,IONIQ
2840,2840,710,12,现代i30(海外)
2841,2841,4207,12,现代RN30
2842,2842,712,12,伊兰特(海外)
2843,2843,2300,12,Blue2
2844,2844,4545,12,Genesis G70
2845,2845,1017,12,索纳塔(进口)
2846,2846,2272,12,现代i40
2847,2847,4176,12,Genesis G80
2848,2848,3522,12,现代AG
2849,2849,3982,12,Genesis G90
2850,2850,4025,12,Carlino sub-4m
2851,2851,3855,12,Creta
2852,2852,3960,12,HND-12 Enduro
2853,2853,4465,12,KONA
2854,2854,4708,12,KONA新能源
2855,2855,3772,12,Enduro
2856,2856,3310,12,Intrado
2857,2857,975,12,途胜(进口)
2858,2858,971,12,现代ix35(海外)
2859,2859,2984,12,全新胜达(进口)
2860,2860,4361,12,FE Fuel Cell
2861,2861,4397,12,Genesis GV80
2862,2862,4668,12,Nexo
2863,2863,127,12,新胜达(进口)
2864,2864,4751,12,Genesis Essentia
2865,2865,4717,12,Le Fil Rouge
2866,2866,3921,12,N 2025 VGT
2867,2867,3890,12,Vision G
2868,2868,3045,12,现代HND-9
2869,2869,4144,12,现代RM16
2870,2870,3596,12,现代H350
2871,2871,3711,12,Santa Cruz
2872,2872,2199,12,现代RB
2873,2873,131,12,君爵
2874,2874,594,12,劳恩斯
2875,2875,2257,12,Curb
2876,2876,807,12,Nuvis
2877,2877,976,12,圣达菲(进口)
2878,2878,510,12,维拉克斯
2879,2879,457,12,美佳
2880,2880,2077,12,i-flow
2881,2881,252,12,酷派
2882,2882,756,12,劳恩斯-酷派
2883,2883,163,71,赛欧
2884,2884,3923,71,乐风RV
2885,2885,657,71,科鲁兹
2886,2886,4105,71,科沃兹
2887,2887,2313,71,迈锐宝
2888,2888,4031,71,迈锐宝XL
2889,2889,3335,71,创酷
2890,2890,2583,71,科帕奇
2891,2891,4235,71,探界者
2892,2892,2348,71,爱唯欧
2893,2893,420,71,乐骋
2894,2894,439,71,乐风
2895,2895,397,71,景程
2896,2896,678,71,科迈罗
2897,2897,2362,71,库罗德
2898,2898,2405,71,索罗德
2899,2899,808,71,斯帕可
2900,2900,3938,71,雪佛兰EN-V
2901,2901,4024,71,Beat Activ
2902,2902,3710,71,Bolt
2903,2903,4026,71,Essentia
2904,2904,2919,71,Onix
2905,2905,2255,71,Sonic
2906,2906,2037,71,爱唯欧(海外)
2907,2907,2364,71,Cobalt
2908,2908,1014,71,科鲁兹(海外)
2909,2909,682,71,沃蓝达
2910,2910,2747,71,Impala
2911,2911,722,71,迈锐宝(海外)
2912,2912,3011,71,雪佛兰SS
2913,2913,3365,71,Adra
2914,2914,3583,71,Niva
2915,2915,2869,71,创酷(海外)
2916,2916,546,71,科帕奇(进口)
2917,2917,868,71,探界者(海外)
2918,2918,2553,71,雪佛兰TrailBlazer
2919,2919,766,71,Traverse
2920,2920,3213,71,Suburban
2921,2921,2854,71,Tahoe
2922,2922,3138,71,City Express
2923,2923,2851,71,Spin
2924,2924,3670,71,Chaparral 2X Vision
2925,2925,4384,71,CHEVROLET FNR-X
2926,2926,2639,71,Code
2927,2927,2330,71,Miray
2928,2928,387,71,科尔维特
2929,2929,3806,71,雪佛兰FNR
2930,2930,2640,71,雪佛兰Tru
2931,2931,761,71,Orlando
2932,2932,4685,72,云逸 C4 AIRCROSS
2933,2933,2945,72,雪铁龙C4L
2934,2934,639,72,世嘉
2935,2935,98,72,爱丽舍
2936,2936,3873,72,C4世嘉
2937,2937,792,72,雪铁龙C5
2938,2938,4043,72,雪铁龙C6
2939,2939,3429,72,雪铁龙C3-XR
2940,2940,4370,72,天逸 C5 AIRCROSS
2941,2941,476,72,雪铁龙C2
2942,2942,293,72,富康
2943,2943,388,72,凯旋
2944,2944,230,72,赛纳
2945,2945,232,72,毕加索
2946,2946,2473,72,雪铁龙C4 Aircross(进口)
2947,2947,473,72,C4 PICASSO
2948,2948,2208,72,C-Zero
2949,2949,2053,72,雪铁龙C1
2950,2950,664,72,C3毕加索
2951,2951,4042,72,E-MEHARI
2952,2952,329,72,雪铁龙C3
2953,2953,2844,72,爱丽舍(海外)
2954,2954,480,72,雪铁龙C4
2955,2955,2909,72,雪铁龙C4L(海外)
2956,2956,212,72,雪铁龙C5(进口)
2957,2957,4189,72,CXPERIENCE
2958,2958,2942,72,Metropolis
2959,2959,3646,72,AirCross
2960,2960,4301,72,雪铁龙C3 AIRCROSS(海外)
2961,2961,3206,72,雪铁龙C4 Cactus
2962,2962,809,72,Berlingo
2963,2963,3010,72,Technospace
2964,2964,2413,72,Tubik
2965,2965,2753,72,Numero 9
2966,2966,3976,72,SPACETOURER
2967,2967,2209,72,Lacoste
2968,2968,922,72,REVOLTe
2969,2969,745,72,雪铁龙C2(海外)
2970,2970,4081,72,雪铁龙BX
2971,2971,3555,72,雪铁龙CX
2972,2972,440,72,雪铁龙C6(进口)
2973,2973,950,72,C-Crosser
2974,2974,2072,72,Survolt
2975,2975,2079,72,雪铁龙GQ
2976,2976,2031,72,雪铁龙GT
2977,2977,3090,185,凯胜
2978,2978,4758,306,鑫源X30L
2979,2979,4567,306,鑫源X30LEV
2980,2980,4781,324,SITECH DEV 1
2981,2981,4489,275,小鹏汽车G3
2982,2982,4202,275,小鹏汽车BETA版
2983,2983,2474,98,西雅特Mii
2984,2984,714,98,伊比飒
2985,2985,718,98,LEON
2986,2986,2684,98,Toledo
2987,2987,717,98,Exeo
2988,2988,2422,98,西雅特IBL
2989,2989,4455,98,Arona
2990,2990,4028,98,Ateca
2991,2991,2280,98,西雅特IBX
2992,2992,4704,98,Tarraco
2993,2993,3740,98,西雅特20V20
2994,2994,2105,98,欧悦搏
2995,2995,716,98,Altea
2996,2996,2069,98,西雅特IBE
2997,2997,3591,73,英菲尼迪QX50
2998,2998,3553,73,英菲尼迪Q50L
2999,2999,2992,73,英菲尼迪Q50
3000,3000,3097,73,英菲尼迪Q70
3001,3001,3535,73,英菲尼迪ESQ
3002,3002,3652,73,英菲尼迪QX30
3003,3003,3043,73,英菲尼迪QX60
3004,3004,3099,73,英菲尼迪QX70
3005,3005,3100,73,英菲尼迪QX80
3006,3006,3201,73,英菲尼迪Q60
3007,3007,2270,73,Etherea
3008,3008,3176,73,英菲尼迪Q30
3009,3009,2749,73,英菲尼迪LE
3010,3010,4676,73,Q Inspiration概念车
3011,3011,3617,73,英菲尼迪Q80
3012,3012,4091,73,QX Sport Inspiration
3013,3013,3098,73,英菲尼迪QX50(进口)
3014,3014,2679,73,Emerg-E
3015,3015,4514,73,Prototype 9
3016,3016,3690,73,英菲尼迪GranTurismo
3017,3017,383,73,英菲尼迪G系
3018,3018,581,73,英菲尼迪M系
3019,3019,605,73,英菲尼迪EX
3020,3020,122,73,英菲尼迪FX
3021,3021,2400,73,英菲尼迪JX
3022,3022,416,73,英菲尼迪QX
3023,3023,783,73,Essence
3024,3024,3202,73,英菲尼迪Q60S
3025,3025,2716,110,威志V5
3026,3026,878,110,夏利N5
3027,3027,2781,110,夏利N7
3028,3028,4404,110,骏派A50
3029,3029,3979,110,骏派A70
3030,3030,4415,110,骏派A70E
3031,3031,3081,110,骏派D60
3032,3032,4405,110,骏派CX65
3033,3033,4680,110,骏派D80
3034,3034,106,110,威乐
3035,3035,444,110,威志
3036,3036,879,110,威志V2
3037,3037,104,110,威姿
3038,3038,101,110,夏利
3039,3039,2795,110,一汽X121
3040,3040,2797,110,一汽NH2
3041,3041,2159,110,一汽TFC
3042,3042,2796,110,一汽NS2
3043,3043,4754,110,SENIA R9
3044,3044,3824,110,SENIA R7
3045,3045,2469,110,佳宝V52
3046,3046,2468,110,佳宝V55
3047,3047,3775,110,佳宝V75
3048,3048,3776,110,佳宝V77
3049,3049,3052,110,佳宝V80
3050,3050,2526,110,佳宝T50
3051,3051,2525,110,佳宝T51
3052,3052,2465,110,佳宝T57
3053,3053,3459,110,解放T80
3054,3054,2131,110,森雅S80
3055,3055,913,110,森雅M80
3056,3056,2464,110,佳宝V70
3057,3057,2870,110,佳宝V70 II代
3058,3058,2603,110,坤程
3059,3059,2888,111,野马T70
3060,3060,3765,111,野马T80
3061,3061,3906,111,野马U能E350
3062,3062,4425,111,斯派卡
3063,3063,4510,111,野马EC30
3064,3064,3588,111,野马C18
3065,3065,3199,111,野马F18
3066,3066,4434,111,野马T60
3067,3067,2441,111,野马T系
3068,3068,4633,111,野马EC60
3069,3069,2442,111,野马E系
3070,3070,2979,111,野马F19
3071,3071,2889,111,野马A-MPV
3072,3072,3003,111,野马M302
3073,3073,2887,111,野马M31D
3074,3074,3200,111,野马M72
3075,3075,2378,111,野马F10
3076,3076,2445,111,野马F12
3077,3077,2440,111,野马F16
3078,3078,939,111,野马F99
3079,3079,4580,144,依维柯Daily(欧胜)
3080,3080,2533,144,依维柯Power Daily
3081,3081,2532,144,依维柯得意
3082,3082,2531,144,都灵
3083,3083,3619,144,Iveco VISION
3084,3084,3777,263,驭胜S330
3085,3085,2228,263,驭胜S350
3086,3086,4320,286,云度π1
3087,3087,4321,286,云度π3
3088,3088,4437,286,云度Xπ
3089,3089,4772,286,云度π7
3090,3090,4508,232,御捷E驰
3091,3091,4589,232,御捷E行
3092,3092,3762,232,御捷330
3093,3093,4574,307,裕路EV2
3094,3094,2828,93,永源五星
3095,3095,3087,93,猎鹰
3096,3096,424,93,永源A380
3097,3097,4670,317,云雀Q1
3098,3098,3947,247,SPORTS RIDE
3099,3099,3880,243,游侠 X
3100,3100,4737,94,众泰T800
3101,3101,3575,94,云100
3102,3102,3779,94,芝麻
3103,3103,3529,94,众泰E200
3104,3104,4371,94,众泰Z360
3105,3105,4327,94,众泰Z500EV
3106,3106,4317,94,众泰Z560
3107,3107,3627,94,众泰Z700
3108,3108,2333,94,众泰T300
3109,3109,3793,94,大迈X5
3110,3110,3899,94,众泰SR7
3111,3111,4417,94,众泰T500
3112,3112,4092,94,大迈X7
3113,3113,4070,94,众泰SR9
3114,3114,2334,94,众泰T600
3115,3115,4385,94,众泰T600 Coupe
3116,3116,3852,94,众泰T700
3117,3117,2480,94,众泰V10
3118,3118,3447,94,众泰E20
3119,3119,4757,94,众泰T300新能源
3120,3120,4835,94,众泰i-across
3121,3121,4507,94,众泰SR9新能源
3122,3122,4521,94,众泰B40
3123,3123,708,94,众泰M300
3124,3124,2230,94,江南TT
3125,3125,3002,94,众泰Z100
3126,3126,2161,94,众泰Z200
3127,3127,2171,94,众泰Z200HB
3128,3128,2337,94,众泰Z300
3129,3129,3425,94,众泰Z500
3130,3130,558,94,众泰2008
3131,3131,663,94,众泰5008
3132,3132,2336,94,众泰T200
3133,3133,3289,22,中华豚
3134,3134,2999,22,中华H220
3135,3135,2770,22,中华H230
3136,3136,4309,22,中华H230EV
3137,3137,3878,22,中华H3
3138,3138,2998,22,中华H330
3139,3139,2323,22,中华H530
3140,3140,3530,22,中华V3
3141,3141,2294,22,中华V5
3142,3142,4498,22,中华V6
3143,3143,3796,22,中华EV
3144,3144,3095,22,中华C3
3145,3145,4503,22,中华V7
3146,3146,2857,22,中华H320
3147,3147,860,22,中华骏捷Cross
3148,3148,523,22,中华骏捷FRV
3149,3149,825,22,中华骏捷FSV
3150,3150,411,22,中华骏捷
3151,3151,130,22,中华尊驰
3152,3152,490,22,中华酷宝
3153,3153,2658,74,中兴C3
3154,3154,3644,74,中兴GX3
3155,3155,4178,74,领主
3156,3156,2519,74,威虎
3157,3157,3881,74,小老虎
3158,3158,3115,74,中兴CP2
3159,3159,3127,74,陆地方舟
3160,3160,2850,74,无限
3161,3161,627,74,无限V3
3162,3162,2081,74,无限V5
3163,3163,2143,74,无限V7
3164,3164,2522,74,昌铃
3165,3165,2613,74,旗舰A9
3166,3166,3215,74,威虎G3
3167,3167,3706,206,知豆D1
3168,3168,3827,206,知豆D2
3169,3169,4597,206,知豆D3
3170,3170,3497,206,知豆
3171,3171,3237,182,之诺1E
3172,3172,4146,182,之诺60H
3173,3173,3816,182,Next
3174,3174,2602,153,Zenvo
3175,3175,4725,290,正道GT
3176,3176,4440,290,正道H600
3177,3177,4438,290,正道K750
3178,3178,4810,290,正道H500
3179,3179,4811,290,正道K350
3180,3180,4439,290,正道K550
