1,1,粤BAM049,,,,,,,,,2024-08-31 09:59:33,2024-09-01 06:15:28,,66,MINI>2023款 Cooper Cabrio 1.5T 双离合 艺术家,,,
2,3,粤B0PQ07,,,,,,,,,2024-08-31 09:59:33,2024-09-01 06:15:28,,265,领克03>2023款 领克03+ 2.0TD 手自一体 Cyan 定制版,,,
3,4,粤BF15242,,,,LC0CD4C41J1067733,,,,,2024-08-31 09:59:33,2024-09-01 06:15:28,,190,比亚迪>2018款 2.0T 手自一体 智联尊尚型,,,
4,5,粤B73GR7,,,,JTHB11B17L3000614,,,,,2024-08-31 09:59:33,2024-09-01 06:15:28,,296,雷克萨斯ES>2023款 ES260 2.5 手自一体 卓越版,,,
5,6,粤BCH0505,,,,,,,,,2024-08-31 09:59:33,2024-09-01 06:15:28,,87,蔚来ET5>2024款 75kWh,,,
6,7,粤B515MS,,,,WP1AG2958JLB63584,,,,,2024-08-31 09:59:33,2024-09-01 06:15:28,,641,保时捷>2017款 Macan GTS 3.0T 双离合,,,
7,8,粤BF50473,,,,LC0CD4C44J1039683,,,,,2024-08-31 09:59:33,2024-09-01 06:15:28,,210,比亚迪>2018款 唐DM 2.0T 双离合 智联创悦型,,,
8,9,BKTM,,,,,,,,,2024-08-31 09:59:33,2024-09-01 06:15:28,,67,,,,
9,10,粤BFG1931,,,,,,,,,2024-08-31 09:59:33,2024-09-01 06:15:28,,639,宝马5系新能源>2019款 530Le 2.0T 手自一体 先锋版,,,
10,11,京AC13872,,,,5YJXCCE29JF095887,,,,,2024-08-31 09:59:33,2024-09-01 06:15:28,,428,特斯拉>2017款 Model X 100D Model X 100D,,,
11,12,粤E6Q9R0,,,,WP1AC29P88LA91907,,,,,2024-08-31 09:59:33,2024-09-01 06:15:28,,329,保时捷>2007款 卡宴 4.8T 手自一体,,,
12,13,粤B1BF17,,,,,,,,,2024-08-31 09:59:33,2024-09-01 06:15:28,,581,,,,
13,14,粤BP38A8,,,,WP0AA2986LS261163,,,,,2024-08-31 09:59:33,2024-09-01 06:15:28,,638,保时捷718>2020款 718 卡曼 2.0T 双离合,,,
14,15,粤B未知,,,,,,,,,2024-08-31 09:59:33,2024-09-01 06:15:28,,546,,,,
15,16,粤BU810J,,,,,,,,,2024-08-31 09:59:33,2024-09-01 06:15:28,,524,广汽传祺>2022款 1.5T 双离合 270T J16 R-style赛道版,,,
16,17,粤Z8654港,,,,WP1ZZZ95ZHLB62429,,,,,2024-08-31 09:59:33,2024-09-01 06:15:28,,342,保时捷>2017款 Macan GTS 3.0T 双离合,,,
17,18,粤B9Q80W,,,,LE4ZG4JB9KL285318,,,,,2024-08-31 09:59:33,2024-09-01 06:15:28,,637,奔驰E级>2019款 E 300 L 2.0T 手自一体 时尚型,,,
18,19,粤L89Z29,,,,LBV5R1405NM393275,,,,,2024-08-31 09:59:33,2024-09-01 06:15:28,,625,宝马3系>2022款 330i 2.0T 手自一体 M运动曜夜套装,,,
19,20,粤S51V5J,,,,,,,,,2024-08-31 09:59:33,2024-09-01 06:15:28,,287,,,,
20,21,粤B20TN5,,,,WDDWJ7HB5KF915843,,,,,2024-08-31 09:59:33,2024-09-01 06:15:28,,556,奔驰C级(进口)>2019款 C 260 Coupe 1.5T 手自一体,,,
21,22,粤B503743,,,,W1NYC5AJ1RX503743,,,,,2024-08-31 09:59:33,2024-09-01 06:15:28,,156,奔驰>2023款 G 400 D 4MATIC 2.9T 手自一体,,,
22,23,粤B223LA,,,,WBS4Y9103LFH71563,,,,,2024-08-31 09:59:33,2024-09-01 06:15:28,,529,宝马1系M>2019款 M4 双门轿跑车 3.0T 双离合 猎影版,,,
23,24,粤BH8W61,,,,,,,,,2024-08-31 09:59:33,2024-09-01 06:15:28,,635,兰博基尼>2019款 Huracan EVO 5.2 双离合,,,
24,25,桂AAFD1832,,,,,,,,,2024-08-31 09:59:33,2024-09-01 06:15:28,,634,,,,
25,26,粤AV70P5,,,,,,,,,2024-08-31 09:59:33,2024-09-01 06:15:28,,633,奥迪Q3>2023款 1.4TFSI 双离合 35TFSI 进取动感型,,,
26,27,粤B6ND78,,,,WBS2U710XK7D13681,,,,,2024-08-31 09:59:33,2024-09-01 06:15:28,,632,宝马M2>2018款 M2 双门轿跑车 3.0T 双离合 雷霆版,,,
27,28,粤B7Z15H,,,,JTEGS54M5AA008363,,,,,2024-08-31 09:59:33,2024-09-01 06:15:28,,631,丰田>2010款 3.5 手自一体 7座豪华型,,,
28,29,粤B33SH,,,,WP0AA2972BL014044,,,,,2024-08-31 09:59:33,2024-09-01 06:15:28,,207,保时捷>2010款 3.6 双离合,,,
29,30,粤B2600J,,,,W1K1J6BB7LF138547,,,,,2024-08-31 09:59:33,2024-09-01 06:15:28,,629,奔驰E级AMG>2019款 E 53 AMG 4MATIC+ Coupe 48V 3.0T 手自一体,,,
30,31,粤BZT899,,,,WP1AA2952JLB12955,,,,,2024-08-31 09:59:33,2024-09-01 06:15:28,,628,保时捷>2017款 2.0T 双离合(改款),,,
31,32,粤BBF6457,,,,HJNNADMG4RA056643,,,,,2024-08-31 09:59:33,2024-09-01 06:15:28,,627,蔚来ES6>2023款 100kWh,,,
32,33,粤B934LX,,,,LFMA754K2L0040929,,,,,2024-08-31 09:59:33,2024-09-01 06:15:28,,134,丰田>2019款 2.5 手自一体 进取版,,,
33,34,219660,,,,LRW3E7ET2RC219660,,,,,2024-08-31 09:59:33,2024-09-01 06:15:28,,625,特斯拉>2023款 长续航焕新版 双电机全轮驱动,,,
34,35,粤B252HZ,,,,LBV21EP03PS444185,,,,,2024-08-31 09:59:33,2024-09-01 06:15:28,,87,宝马X5>2022款 X5 xDrive 40Li 48v 3.0T 手自一体 M运动套装,,,
35,36,粤BA999L,,,,,,,,,2024-08-31 09:59:33,2024-09-01 06:15:28,,623,雷克萨斯LC>2020款 LC500h 3.5 无级/自动,,,
36,37,粤B2S10L,,,,,,,,,2024-08-31 09:59:33,2024-09-01 06:15:28,,622,宝马M4>2016款 M4 双门轿跑车 3.0T 双离合 竞速限量版,,,
37,38,粤BDN4002,,,,,,,,,2024-08-31 09:59:33,2024-09-01 06:15:28,,567,,,,
38,39,粤D0M895,,,,WUAS2D4G0EN904171,,,,,2024-08-31 09:59:33,2024-09-01 06:15:28,,621,奥迪RS 7>2014款 RS7 Sportback 4.0TFSI 手自一体,,,
39,40,粤BG33697,,,,,,,,,2024-08-31 09:59:33,2024-09-01 06:15:28,,557,AITO>2024款 智驾后驱Ultra版5座,,,
40,41,粤B6J78P,,,,SALVA2BG9FH975334,,,,,2024-08-31 09:59:33,2024-09-01 06:15:28,,61,路虎>2015款 2.0T 手自一体 耀享版,,,
41,42,粤B115G7,,,,,,,,,2024-08-31 09:59:33,2024-09-01 06:15:28,,619,宝马6系GT>2019款 GT 630i 2.0T 手自一体 M运动套装,,,
42,44,粤BB23912,,,,LJ1EFAUU8NG083663,,,,,2024-08-31 09:59:33,2024-09-01 06:15:28,,406,蔚来ET7>2021款 70kWh,,,
43,45,粤BH06513,,,,HLX33B128R1665441,,,,,2024-08-31 09:59:33,2024-09-01 06:15:28,,311,理想汽车>2024款 Pro,,,
44,46,粤B88R88,,,,JTHACABB8N8012274,,,,,2024-08-31 09:59:33,2024-09-01 06:15:28,,22,雷克萨斯LM>2020款 LM300h 2.5 无级 隽雅版,,,
45,47,粤B046445,,,,,,,,,2024-08-31 09:59:33,2024-09-01 06:15:28,,617,蔚来EC6>2024款 75kWh,,,
46,48,粤BD57607,,,,,,,,,2024-08-31 09:59:33,2024-09-01 06:15:28,,616,蔚来EC6>2024款 75kWh,,,
47,49,粤BBQ7933,,,,LJ1E6A2U2PG025862,,,,,2024-08-31 09:59:33,2024-09-01 06:15:28,,615,蔚来ES6>2023款 75kWh,,,
48,50,粤B3VQ73,,,,WP0BJ2977ML163184,,,,,2024-08-31 09:59:33,2024-09-01 06:15:28,,452,保时捷>2021款 帕纳美拉 Executive 2.9T 双离合,,,
49,51,粤BB52555,,,,LRW3E7ET9RC214195,,,,,2024-08-31 09:59:33,2024-09-01 06:15:28,,127,特斯拉>2023款 焕新版 后轮驱动,,,
50,52,粤BD2899,,,,,,,,,2024-08-31 09:59:33,2024-09-01 06:15:28,,452,路虎>2023款 揽胜运动版 48V 3.0T 手自一体 P400 Dynamic HSE,,,
51,53,粤B63ZV5,,,,WDCYC6AH9KX319483,,,,,2024-08-31 09:59:33,2024-09-01 06:15:28,,426,奔驰G级>2019款 G 500 4.0T 手自一体,,,
52,54,粤ZY830港,,,,,,,,,2024-08-31 09:59:33,2024-09-01 06:15:28,,61,丰田>2020款 3.5 手自一体,,,
53,55,粤B279AD,,,,JTNAGACH1R8019593,,,,,2024-08-31 09:59:33,2024-09-01 06:15:28,,456,丰田>2024款 埃尔法 2.5 无级 臻享版,,,
54,56,粤BBR0725,,,,5YJSA7E6XPF513599,,,,,2024-08-31 09:59:33,2024-09-01 06:15:28,,610,,,,
55,57,粤BR301S,,,,SALEA7EU2L2030383,,,,,2024-08-31 09:59:33,2024-09-01 06:15:28,,15,路虎>2020款 卫士110 3.0T 手自一体 P400 SE,,,
56,58,粤B583602,,,,LJ1E6A3U6PG683602,,,,,2024-08-31 09:59:33,2024-09-01 06:15:28,,139,蔚来ES8>2023款 100kWh 签名版,,,
57,59,粤B2H553,,,,WBA11AV01RFR13583,,,,,2024-08-31 09:59:33,2024-09-01 06:15:28,,608,宝马4系>2023款 425i 四门轿跑车 2.0T 手自一体 M运动曜夜套装,,,
58,60,粤Z7Z18B,,,,WMW31DK07N2R27522,,,,,2024-08-31 09:59:33,2024-09-01 06:15:28,,376,MINI>2022款 Mini Cooper 1.5T 双离合 The Coopers 纪念版,,,
59,61,粤B559692,,,,LS6EKE131RA559692,,,,,2024-08-31 09:59:33,2024-09-01 06:15:28,,567,阿维塔12>2023款 700 三激光后驱奢享版,,,
60,62,粤BN782M,,,,LBV6R4106NM357976,,,,,2024-08-31 09:59:33,2024-09-01 06:15:28,,247,宝马3系>2022款 325Li 2.0T 手自一体 M运动套装(改款),,,
61,63,粤UGT250,,,,WBSPM9107BE196393,,,,,2024-08-31 09:59:33,2024-09-01 06:15:28,,607,宝马M3>2009款 M3 4.0 双离合,,,
62,64,粤BAA5184,,,,LRW3E7EC4MC207552,,,,,2024-08-31 09:59:33,2024-09-01 06:15:28,,606,特斯拉>2021款 Performance高性能全轮驱动版(改款),,,
63,65,粤BC724T,,,,JTHB71B11P2206747,,,,,2024-08-31 09:59:33,2024-09-01 06:15:28,,605,雷克萨斯ES>2022款 ES300h 2.5 无级 尊享版,,,
64,66,粤A2D99G,,,,W1K6X6BB4NA135089,,,,,2024-08-31 09:59:33,2024-09-01 06:15:28,,546,奔驰>2021款 S 480 4MATIC 48V 3.0T 手自一体,,,
65,67,粤BA51022,,,,LJ1E6A2U9PG006712,,,,,2024-08-31 09:59:33,2024-09-01 06:15:28,,39,蔚来ES6>2023款 75kWh,,,
66,68,粤B57ZB7,,,,WP1AA29Y2NDA13028,,,,,2024-08-31 09:59:33,2024-09-01 06:15:28,,603,保时捷>2022款 3.0T 手自一体 铂金版,,,
67,69,粤B924MT,,,,W1K6G5HB0PA244119,,,,,2024-08-31 09:59:33,2024-09-01 06:15:28,,329,奔驰S级>2023款 S 400 L 48V 2.5T 手自一体 商务型,,,
68,70,粤BAS0451,,,,LJ1E6A2U7PG019281,,,,,2024-08-31 09:59:33,2024-09-01 06:15:28,,89,蔚来ES6>2023款 75kWh,,,
69,71,粤B770DA,,,,WVGWX6CR4MD006106,,,,,2024-08-31 09:59:33,2024-09-01 06:15:28,,248,大众>2021款 3.0TSI 手自一体 锐享版,,,
70,72,粤BK83N3,,,,LBV31FH07R1A84875,,,,,2024-08-31 09:59:33,2024-09-01 06:15:28,,600,宝马3系>2024款 325Li 2.0T 手自一体 M运动曜夜套装,,,
71,73,粤B1Q912,,,,SALKABFU2RA209039,,,,,2024-08-31 09:59:33,2024-09-01 06:15:28,,599,路虎>2024款 揽胜 48V 3.0T 手自一体 L6 400PS 典范加长版,,,
72,74,粤ZR095港,,,,,,,,,2024-08-31 09:59:33,2024-09-01 06:15:28,,598,丰田>2021款 威尔法 2.5 无级 皇冠 HV尊贵版,,,
73,75,粤B120B3,,,,WP0BA299XGS132071,,,,,2024-08-31 09:59:33,2024-09-01 06:15:28,,370,保时捷911>2014款 Targa 4 3.4 双离合,,,
74,76,120571,,,,W1K2J4JB6PA120571,,,,,2024-08-31 09:59:33,2024-09-01 06:15:28,,596,奔驰CLS级>2021款 CLS 300 2.0T 手自一体 动感型(改款),,,
75,77,粤BA87Q2,,,,WBA51BJ03NWX53438,,,,,2024-08-31 09:59:33,2024-09-01 06:15:28,,222,宝马5系(进口)>2022款 540i 3.0T 手自一体 风尚版 M运动套装,,,
76,78,粤BT09J5,,,,,,,,,2024-08-31 09:59:33,2024-09-01 06:15:28,,262,,,,
77,79,粤BP42B2,,,,1G6A95RX6E0144993,,,,,2024-08-31 09:59:33,2024-09-01 06:15:28,,561,凯迪拉克ATS(进口)>2014款 2.0T 手自一体 28T 舒适型,,,
78,80,粤B1N666,,,,,,,,,2024-08-31 09:59:33,2024-09-01 06:15:28,,594,路虎>2022款 揽胜运动版 48V 3.0T 手自一体 L6 HST,,,
79,81,粤BX6X60,,,,WBA11AP02NCK19414,,,,,2024-08-31 09:59:33,2024-09-01 06:15:28,,593,宝马4系>2022款 425i 双门轿跑车 2.0T 手自一体 时尚型 M运动曜夜套装,,,
80,82,临牌,,,,,,,,,2024-08-31 09:59:33,2024-09-01 06:15:28,,307,理想汽车>2024款 Pro,,,
81,83,粤BDE7133,,,,LRWYGCEL9NC400144,,,,,2024-08-31 09:59:33,2024-09-01 06:15:28,,366,特斯拉>2021款 Performance高性能全轮驱动版,,,
82,84,粤BTT701,,,,JT2DB41A6NW046827,,,,,2024-08-31 09:59:33,2024-09-01 06:15:28,,159,丰田>2022款 3.0T 手自一体 GR 标准型,,,
83,85,粤BGN8101,,,黑色,LDP95H963RE103602,,,,,2024-08-31 09:59:33,2024-09-01 06:15:28,,295,岚图汽车FREE>2024款 超长续航智驾版,,,
84,86,粤B15E29,,,,W1KWF8GB3MR648244,,,,,2024-08-31 09:59:33,2024-09-01 06:15:28,,524,奔驰C级AMG>2021款 C 63 AMG 4.0T 手自一体,,,
85,87,粤BD227J,,,,WP1BA29Y5LDA90431,,,,,2024-08-31 09:59:33,2024-09-01 06:15:28,,524,保时捷>2019款 卡宴 3.0T 手自一体,,,
86,88,粤BYC700,,,,LBV61AF04PS610435,,,,,2024-08-31 09:59:33,2024-09-01 06:15:28,,524,宝马5系>2022款 530Li 2.0T 手自一体 领先型 豪华套装(改款二),,,
87,89,粤B371YS,,,,WBS31AZ09NK622764,,,,,2024-08-31 09:59:33,2024-09-01 06:15:28,,524,宝马1系M>2021款 M4 双门轿跑车 3.0T 手自一体 雷霆版,,,
88,90,粤B2H11N,,,,W1K3F5DB4MN230398,,,,,2024-08-31 09:59:33,2024-09-01 06:15:28,,524,奔驰A级AMG(进口)>2020款 A 45 AMG 4MATIC+ 2.0T 双离合(改款),,,
89,91,粤S508F3,,,,WBS4Y9102KAC58753,,,,,2024-08-31 09:59:33,2024-09-01 06:15:28,,524,宝马1系M>2019款 M4 双门轿跑车 3.0T 双离合 猎影版,,,
90,93,粤B临时牌,,,,HLX32B147R1309079,,,,,2024-08-31 09:59:33,2024-09-01 06:15:28,,131,理想>L6,,,
91,94,粤LV497U,,,,WP1AA29Y4KDA12054,,,,,2024-08-31 09:59:33,2024-09-01 06:15:28,,590,保时捷>2018款 3.0T 手自一体,,,
92,95,粤BK8868,,,,SALWA2FK9HA579096,,,,,2024-08-31 09:59:33,2024-09-01 06:15:28,,237,路虎>2016款 3.0T 手自一体 SE 美规版,,,
93,96,粤L272GM,,,,LJXDJ3DB3RTP29523,,,,,2024-08-31 09:59:33,2024-09-01 06:15:28,,256,,,,
94,97,粤BAK980,,,,,,,,,2024-08-31 09:59:33,2024-09-01 06:15:28,,524,本田>2020款 1.5T 无级 240TURBO 两驱智享版,,,
95,98,粤B71ZA1,,,,,,,,,2024-08-31 09:59:33,2024-09-01 06:15:28,,524,宝马M2>2023款 M2 双门轿跑车 3.0T 手自一体,,,
96,99,116835,,,,WP0AJ2972ML116835,,,,,2024-08-31 09:59:33,2024-09-01 06:15:28,,588,保时捷>2021款 2.9T 双离合,,,
97,100,粤BF3H25,,,,LSVCA6F21N2014844,,,,,2024-08-31 09:59:33,2024-09-01 06:15:28,,587,奥迪A7L>2022款 A7L 2.0TFSI 双离合 45TFSI S-line 筑梦型,,,
98,101,粤B23U73,,,,LBV31EP03RSE10919,,,,,2024-08-31 09:59:33,2024-09-01 06:15:28,,586,,,,
99,102,157426,,,,WP0CJ2977PL157426,,,,,2024-08-31 09:59:33,2024-09-01 06:15:28,,99,保时捷>2023款 帕纳美拉 4 Sport Turismo 2.9T 双离合,,,
100,103,粤BK999T,,,,WBA3N310XEKT51909,,,,,2024-08-31 09:59:33,2024-09-01 06:15:28,,88,宝马4系>2014款 428i 双门轿跑车 2.0T 手自一体 风尚设计套装,,,
101,104,粤B9E91X,,,,WDDBF5CB0FJ345250,,,,,2024-08-31 09:59:33,2024-09-01 06:15:28,,87,奔驰A级AMG(进口)>2014款 A 45 AMG 4MATIC 2.0T 双离合,,,
102,105,粤BGY4363,,,,HLX33B121R1032117,,,,,2024-08-31 09:59:33,2024-09-01 06:15:28,,15,理想汽车>2023款 Pro版,,,
103,106,粤B9902B,,,,WDDWF6EB9JF713084,,,,,2024-08-31 09:59:33,2024-09-01 06:15:28,,583,奔驰C级AMG>2017款 C 43 AMG 4MATIC 3.0T 手自一体 特别版,,,
104,107,粤B93GZ3,,,,WBS41AY01PFP24255,,,,,2024-08-31 09:59:33,2024-09-01 06:15:28,,582,宝马M3>2023款 M3 xDrive 四门轿跑车 3.0T 手自一体 雷霆版,,,
105,108,粤BC1V29,,,,ZFF93LME6M0260285,,,,,2024-08-31 09:59:33,2024-09-01 06:15:28,,546,法拉利F8>2019款 F8 Tributo 3.9T 双离合 V8,,,
106,109,粤B0S27F,,,,WP0AA2987LK260426,,,,,2024-08-31 09:59:33,2024-09-01 06:15:28,,581,保时捷718>2019款 718 卡曼 T 2.0T 双离合,,,
107,110,粤B5F38L,,,,WP0AE2980RK274049,,,,,2024-08-31 09:59:33,2024-09-01 06:15:28,,580,,,,
108,111,粤BC0511,,,,W1K6G6BB2MA009084,,,,,2024-08-31 09:59:33,2024-09-01 06:15:28,,579,奔驰S级>2021款 S 450 L 4MATIC 48V 3.0T 手自一体,,,
109,112,粤B212D5,,,,LE4WG7GB9M2899108,,,,,2024-08-31 09:59:33,2024-09-01 06:15:28,,311,奔驰C级>2021款 C 200 L 1.5T 手自一体 动感型运动版,,,
110,113,粤BDA335,,,,LSGUL83L1JA093124,,,,,2024-08-31 09:59:33,2024-09-01 06:15:28,,397,别克GL8>2017款 GL8 ES 豪华商旅车 2.0T 手自一体 28T 舒适型,,,
111,114,粤BF188S,,,,JTNHS3DH6M8052847,,,,,2024-08-31 09:59:33,2024-09-01 06:15:28,,88,,,,
112,115,粤B19QV1,,,,JTNGK3DH4F8006187,,,,,2024-08-31 09:59:33,2024-09-01 06:15:28,,578,丰田>2015款 3.5 手自一体 豪华版,,,
113,116,蒙AD78907,,,,LJUBMSA17PK006875,,,,,2024-08-31 09:59:33,2024-09-01 06:15:28,,307,路特斯>2023款 S+,,,
114,117,粤B554541,,,,LS6EKG0Y9RA554541,,,,,2024-08-31 09:59:33,2024-09-01 06:15:28,,577,,,,
115,118,粤L027RQ,,,,,,,,,2024-08-31 09:59:33,2024-09-01 06:15:28,,576,,,,
116,119,粤BK999H,,,,SCFVUJAW9MTV00733,,,,,2024-08-31 09:59:33,2024-09-01 06:15:28,,144,阿斯顿·马丁DBX>2021款 4.0T 手自一体 V8 丝路之鸿,,,
117,120,粤BG3851,,,,WP1AA2950FLB25436,,,,,2024-08-31 09:59:33,2024-09-01 06:15:28,,289,保时捷>2014款 2.0T 双离合,,,
118,121,粤BBJ1770,,,,,,,,,2024-08-31 09:59:33,2024-09-01 06:15:28,,284,蔚来ES6>2023款 75kWh,,,
119,122,粤BZ612U,,,,LMGMB1S85P1011854,,,,,2024-08-31 09:59:33,2024-09-01 06:15:28,,574,,,,
120,123,粤ZJ958澳,,,,JTNGK3DH308000646,,,,,2024-08-31 09:59:33,2024-09-01 06:15:28,,370,丰田>2015款 3.5 手自一体 豪华版,150000km,,
121,124,粤B92P8港,,,,,,,,,2024-08-31 09:59:33,2024-09-01 06:15:28,,572,丰田>2019款 埃尔法 2.5 无级 尊贵版,,,
122,125,粤BV732D,,,,WDDDJ5EB9AA160255,,,,,2024-08-31 09:59:33,2024-09-01 06:15:28,,571,奔驰CLS级>2009款 CLS 300 3.0 手自一体,,,
123,126,粤BD31886,,,,LRW3E7EA4LC052112,,,,,2024-08-31 09:59:33,2024-09-01 06:15:28,,571,特斯拉>2019款 标准续航后驱升级版,,,
124,127,粤BD32222,,,,LRW3E7EA8LC064800,,,,,2024-08-31 09:59:33,2024-09-01 06:15:28,,571,特斯拉>2019款 标准续航后驱升级版,,,
125,128,粤B2V21J,,,,W1K3F5DB1MN244985,,,,,2024-08-31 09:59:33,2024-09-01 06:15:28,,284,奔驰A级AMG(进口)>2020款 A 45 AMG 4MATIC+ 2.0T 双离合(改款),,,
126,129,粤BB69300,,,,LRW3E7FS8NC541624,,,,,2024-08-31 09:59:33,2024-09-01 06:15:28,,569,特斯拉>2022款 后轮驱动版,,,
127,130,粤B37R51,,,,WP0AJ2976PL110993,,,,,2024-08-31 09:59:33,2024-09-01 06:15:28,,524,保时捷>2021款 2.9T 双离合,,,
128,131,粤B8FQ05,,,,LBVTZ6108LSW72172,,,,,2024-08-31 09:59:33,2024-09-01 06:15:28,,524,宝马X3>2019款 X3 xDrive30i 2.0T 手自一体 尊享型 M运动套装,,,
129,133,粤BV965A,,,,,,,,,2024-08-31 09:59:33,2024-09-01 06:15:28,,317,奥迪A6(进口)>2018款 A6 Allroad 3.0TFSI 双离合 Quattro,,,
130,134,粤B6VN77,,,,LFV3A24G4K3003426,,,,,2024-08-31 09:59:33,2024-09-01 06:15:28,,366,奥迪A6L>2018款 A6L 2.0TFSI 双离合 35TFSI 典藏版,,,
131,135,12509,,,,JTNAGACHXP8012509,,,,,2024-08-31 09:59:33,2024-09-01 06:15:28,,556,,,,
132,136,粤BCA6322,,,,LVVDG17B9JD623854,,,,,2024-08-31 09:59:33,2024-09-01 06:15:28,,567,奇瑞eQ1>2018款 小蚂蚁400 智尚版2座,,,
133,137,粤BD31886,,,,LRW3E7EA4LC052112,,,,,2024-08-31 09:59:33,2024-09-01 06:15:28,,529,特斯拉>2019款 标准续航后驱升级版,,,
134,138,粤S90K81,,,,,,,,,2024-08-31 09:59:33,2024-09-01 06:15:28,,524,宝马3系>2024款 325i 2.0T 手自一体 M运动套装,,,
135,139,粤B8L4W7,,,,WAU9GD8T8EA074353,,,,,2024-08-31 09:59:33,2024-09-01 06:15:28,,148,奥迪S5>2012款 S5 Sportback 3.0TFSI 双离合,,,
136,140,粤BH199P,,,,,,,,,2024-08-31 09:59:33,2024-09-01 06:15:28,,190,,,,
137,141,302990,,,,SALEA7EE1R2302990,,,,,2024-08-31 09:59:33,2024-09-01 06:15:28,,290,路虎>2023款 卫士110 5.0T 手自一体 V8(改款),,,
138,142,粤BGM6604,,,,HLX33B124R1032158,,,,,2024-08-31 09:59:33,2024-09-01 06:15:28,,564,理想汽车>2023款 Pro版,,,
139,143,粤BB067509,,,,,,,,,2024-08-31 09:59:33,2024-09-01 06:15:28,,23,,,,
140,144,粤B036M3,,,,ZAM56RRA3G1172365,,,,,2024-08-31 09:59:33,2024-09-01 06:15:28,,333,玛莎拉蒂>2015款 总裁 S Q4 3.0T 手自一体,,,
141,145,粤B6V4D3,,,,WDDWH6EB7LF988117,,,,,2024-08-31 09:59:33,2024-09-01 06:15:28,,529,奔驰C级AMG>2019款 C 43 AMG 4MATIC Tourer 3.0T 手自一体 特别版,,,
142,146,粤BU357H,,,,W1KZF8KB4MA906158,,,,,2024-08-31 09:59:33,2024-09-01 06:15:28,,524,奔驰E级AMG>2021款 E 63 S AMG 4MATIC+ 4.0T 手自一体,,,
143,147,粤BP364T,,,,JTNAGACHXP8012509,,,,,2024-08-31 09:59:33,2024-09-01 06:15:28,,556,丰田>2024款 埃尔法 2.5 无级 尊贵版,,,
144,148,粤B62L61,,,,SALYA2BV0KA781019,,,,,2024-08-31 09:59:33,2024-09-01 06:15:28,,561,路虎>2019款 3.0T 手自一体 380PS R-DYNAMIC SE,,,
145,149,粤BH722澳,,,,ZHWET5ZF6NLA19525,,,,,2024-08-31 09:59:33,2024-09-01 06:15:28,,207,兰博基尼>2019款 Huracan EVO Spyder 5.2 双离合,,,
146,150,粤B55VP5,,,,W1N0J6EB5MF942924,,,,,2024-08-31 09:59:33,2024-09-01 06:15:28,,284,奔驰GLC AMG>2020款 GLC 43 AMG Coupe 4MATIC 3.0T 手自一体,,,
147,151,粤B609FB,,,,,,,,,2024-08-31 09:59:33,2024-09-01 06:15:28,,558,Jeep>2019款 1.3T 双离合 220T 夜鹰版,,,
148,152,粤B70Z23,,,,WBS11DM00P8D15049,,,,,2024-08-31 09:59:33,2024-09-01 06:15:28,,557,宝马M2>2023款 M2 双门轿跑车 3.0T 手自一体,,,
149,153,粤BCG8339,,,,WP0AA2Y1XPSA17335,,,,,2024-08-31 09:59:33,2024-09-01 06:15:28,,67,保时捷>2022款 Taycan(改款),,,
150,154,粤B686YT,,,,WP0BA2972JL155487,,,,,2024-08-31 09:59:33,2024-09-01 06:15:28,,556,保时捷>2017款 帕纳美拉 4 Executive 3.0T 双离合,,,
151,155,粤B80JT7,,,,SCFSMGBW5MGP05415,,,,,2024-08-31 09:59:33,2024-09-01 06:15:28,,556,阿斯顿·马丁>2023款 V8 Vantage 敞篷 4.0T 手自一体,,,
152,156,粤BZ821W,,,,WBS8M9104H5J76552,,,,,2024-08-31 09:59:33,2024-09-01 06:15:28,,436,宝马M3>2017款 M3 3.0T 双离合 车迷限量版,,,
153,157,粤BCF6609,,,,LS6EKG0Y4RA552275,,,,,2024-08-31 09:59:33,2024-09-01 06:15:28,,554,阿维塔12>2023款 650 三激光四驱GT版,,,
154,158,粤BBR717,,,,WBACW2101M9E75017,,,,,2024-08-31 09:59:33,2024-09-01 06:15:28,,333,宝马X7>2021款 X7 xDrive40i 3.0T 手自一体 领先型豪华套装,,,
155,159,粤B114904,,,,WP0AJ2971PL114904,,,,,2024-08-31 09:59:33,2024-09-01 06:15:28,,340,保时捷>2021款 2.9T 双离合,,,
156,160,粤B7J958,,,,LBVHY5105MMY45672,,,,,2024-08-31 09:59:33,2024-09-01 06:15:28,,207,宝马X1>2021款 X1 sDrive25Li 2.0T 双离合 领先型,,,
157,161,粤BA57072,,,,LJ1EEAUU8RG597327,,,,,2024-08-31 09:59:33,2024-09-01 06:15:28,,190,,,,
158,162,粤BCB3030,,,,L6T79MENXRN022542,,,,,2024-08-31 09:59:33,2024-09-01 06:15:28,,550,极氪007>2024款 后驱版 75kWh,,,
159,163,粤B626QU,,,,LFMB0ABBXK0103682,,,,,2024-08-31 09:59:33,2024-09-01 06:15:28,,549,丰田>2018款 2.0T 手自一体 运动版,,,
160,164,粤B611NE,,,,WAUAFEF5XKA005087,,,,,2024-08-31 09:59:33,2024-09-01 06:15:28,,190,奥迪A5>2019款 A5 Sportback 2.0TFSI 双离合 45TFSI Quattro 运动型,91342km,,
161,165,粤B511FM,,,,,,,,,2024-08-31 09:59:33,2024-09-01 06:15:28,,524,劳斯莱斯>2020款 6.7T 自动 Black Badge,,,
162,166,粤B4M35A,,,,LFV3A23CXE3445081,,,,,2024-08-31 09:59:33,2024-09-01 06:15:28,,384,一汽-大众CC>2015款 2.0TSI 双离合 尊贵型,,,
163,167,粤BCB0167,,,,HLX14B178R0003106,,,,,2024-08-31 09:59:33,2024-09-01 06:15:28,,428,理想MEGA,,,
164,168,粤BX93,,,,WDDWH7HB9LF954433,,,,,2024-08-31 09:59:33,2024-09-01 06:15:28,,546,奔驰C级(进口)>2020款 C 260 Tourer 48V 1.5T 手自一体,,,
165,169,粤BBS0401,,,,LJ1E6A2U9PG050029,,,,,2024-08-31 09:59:33,2024-09-01 06:15:28,,190,蔚来ES6>2023款 75kWh,,,
166,170,粤BG92264,,,,LM8F7E896RA031157,,,,,2024-08-31 09:59:33,2024-09-01 06:15:28,,210,AITO>2023款 增程后驱标准版,,,
167,171,粤B88SM5,,,,,,,,,2024-08-31 09:59:33,2024-09-01 06:15:28,,543,丰田丰田86,,,
168,172,粤B306CK,,,,JTJBAMCA7K2099910,,,,,2024-08-31 09:59:33,2024-09-01 06:15:28,,362,雷克萨斯RX>2017款 RX300 2.0T 手自一体 Mark Levinson 四驱F SPORT,55157km,,
169,173,粤BD009A,,,,LHGRC4884N7015700,,,,,2024-08-31 09:59:33,2024-09-01 06:15:28,,480,本田>2022款 奥德赛混动 2.0 无级 锐·至尊版,13028km,,
170,174,粤B07UF0,,,,WBS11DM03P8C94116,,,,,2024-08-31 09:59:33,2024-09-01 06:15:28,,541,宝马M2>2023款 M2 双门轿跑车 3.0T 手自一体,,,
171,175,粤BY6S66,,,,WBS41AZ00RCN80815,,,,,2024-08-31 09:59:33,2024-09-01 06:15:28,,413,宝马M4>2023款 M4 双门轿跑车 3.0T 手自一体 M xDrive 雷霆版,,,
172,176,粤B558AT,,,,WBACX6106L9B24512,,,,,2024-08-31 09:59:33,2024-09-01 06:15:28,,540,宝马X7>2020款 X7 M50i 4.4T 手自一体,,,
173,177,粤B12QR5,,,,LBV61AF07MSZ21921,,,,,2024-08-31 09:59:33,2024-09-01 06:15:28,,539,宝马5系>2021款 530Li 2.0T 手自一体 领先型 豪华套装,,,
174,178,粤B2XX73,,,,LBV6P4104LMS13636,,,,,2024-08-31 09:59:33,2024-09-01 06:15:28,,538,宝马3系>2020款 325Li 2.0T 手自一体 首发版,,,
175,179,粤BGV6328,,,,HLX33B128P1765469,,,,,2024-08-31 09:59:33,2024-09-01 06:15:28,,537,理想汽车>2023款 Pro版,,,
176,180,粤BCD1467,,,,L6T79T2E4RP005111,,,,,2024-08-31 09:59:33,2024-09-01 06:15:28,,536,,,,
177,181,160311,,,,LM8F7E89XRA160311,,,,,2024-08-31 09:59:33,2024-09-01 06:15:28,,307,AITO>2023款 增程后驱标准版,,,
178,182,41193,,,,LW433B120N1041193,,,,,2024-08-31 09:59:33,2024-09-01 06:15:28,,535,理想汽车>2022款 1.5T Max版,,,
179,183,粤BE299N,,,,JTHB31B12L3003365,,,,,2024-08-31 09:59:33,2024-09-01 06:15:28,,534,雷克萨斯ES>2020款 ES200 2.0 无级 卓越版,45723km,,
180,184,粤BS54S7,,,,LE4GG8BB0EL345729,,,,,2024-08-31 09:59:33,2024-09-01 06:15:28,,438,奔驰GLK级>2015款 GLK 300 4MATIC 3.0 手自一体 豪华型 极致版,100168km,,
181,185,粤BA006F,,,,LE4ZF4JB4HL072398,,,,,2024-08-31 09:59:33,2024-09-01 06:15:28,,287,奔驰E级>2017款 E 300 2.0T 手自一体 运动型,133642km,,
182,186,粤BGW7979,,,,LHGCY3665R9003588,,,,,2024-08-31 09:59:33,2024-09-01 06:15:28,,190,,,,
183,187,粤B15GZ8,,,,WP0AJ2973NL103772,,,,,2024-08-31 09:59:33,2024-09-01 06:15:28,,531,保时捷>2021款 2.9T 双离合,,,
184,188,湘A19Q5N,,,,LFPM5ACP2N1D02783,,,,,2024-08-31 09:59:33,2024-09-01 06:15:28,,190,,14854km,,
185,189,粤B4L48C,,,,KMHLW41K0RU018261,,,,,2024-08-31 09:59:33,2024-09-01 06:15:28,,529,,3573km,,
186,190,粤BEK167,,,,LFV3A24K6K3219542,,,,,2024-08-31 09:59:33,2024-09-01 06:15:28,,265,奥迪A6L>2019款 A6L 2.0TFSI 双离合 45TFSI Quattro 臻选致雅型,,,
187,192,粤BA0V09,,,,WP1AA2957NLB10799,,,,,2024-08-31 09:59:33,2024-09-01 06:15:28,,144,保时捷>2022款 2.0T 双离合,,,
188,193,粤B0258M,,,,WBACR6103L9C34492,,,,,2024-08-31 09:59:33,2024-09-01 06:15:28,,127,宝马X5>2020款 X5 xDrive40i 3.0T 手自一体 M运动套装,,,
189,194,粤CH200M,,,,JF1ZD23A4N9003357,,,,,2024-08-31 09:59:33,2024-09-01 06:15:28,,524,斯巴鲁BRZ>2022款 2.4 手自一体 EyeSight,14773km,,
190,195,粤B90H2W,,,,JF1ZD23A5N9004274,,,,,2024-08-31 09:59:33,2024-09-01 06:15:28,,190,斯巴鲁BRZ>2022款 2.4 手自一体 EyeSight,,,
191,196,粤B385CS,,,,WBS4Y9103LFH06826,,,,,2024-08-31 09:59:33,2024-09-01 06:15:28,,190,宝马1系M>2019款 M4 双门轿跑车 3.0T 双离合 猎影版,,,
192,197,粤B27ZUI,,,,LFV3B2CD5N5251732,,,,,2024-08-31 09:59:33,2024-09-01 06:15:28,,456,大众>2021款 高尔夫GTI 2.0TSI 双离合 380TSI(改款),,,
193,198,粤BBV3899,,,,LINNSGHCXRB007430,,,,,2024-08-31 09:59:33,2024-09-01 06:15:28,,295,,,,
194,199,粤B10QX1,,,,WP0AA2993MS205529,,,,,2024-08-31 09:59:33,2024-09-01 06:15:28,,495,保时捷911>2020款 Carrera 3.0T 双离合,40071km,,
195,200,粤B咸鱼,,,,,,,,,2024-08-31 09:59:33,2024-09-01 06:15:28,,207,,,,
196,201,粤BA699B,,,,LFV3A28K5E3030301,,,,,2024-08-31 09:59:33,2024-09-01 06:15:28,,114,奥迪A4L>2013款 A4L 2.0TFSI 无级 35TFSI 标准型,52907km,,
197,202,粤ZK701港,,,,,,,,,2024-08-31 09:59:33,2024-09-01 06:15:28,,518,丰田威尔法,1144km,,
198,203,粤B357MS,,,,W1NFF5KE5LA199813,,,,,2024-08-31 09:59:33,2024-09-01 06:15:28,,517,奔驰GLS>2020款 GLS 450 4MATIC 48V 3.0T 手自一体 动感型,,,
199,204,粤B969ZY,,,,,,,,,2024-08-31 09:59:33,2024-09-01 06:15:28,,384,保时捷保时捷718,,,
200,205,粤B39H0W,,,,WBA51DT05P9R39220,,,,,2024-08-31 09:59:33,2024-09-01 06:15:28,,287,宝马X4>2022款 X4 M40i 3.0T 手自一体,,,
201,206,粤BV325Y,,,,WP1AB2951MLB50629,,,,,2024-08-31 09:59:33,2024-09-01 06:15:28,,515,保时捷>2020款 Macan S 3.0T 双离合,31407km,,
202,207,粤BB81255,,,,,,,,,2024-08-31 09:59:33,2024-09-01 06:15:28,,494,,,,
203,208,粤B7C16M,,,,LHGGK5860J8084649,,,,,2024-08-31 09:59:33,2024-09-01 06:15:28,,190,本田>2018款 1.5 无级 舒适天窗版,126117km,,
204,209,粤B6W4C6,,,,WP1AA2952GLB05707,,,,,2024-08-31 09:59:33,2024-09-01 06:15:28,,513,保时捷>2016款 2.0T 双离合,81638km,,
205,210,粤B3905X,,,,,,,,,2024-08-31 09:59:33,2024-09-01 06:15:28,,73,,,,
206,211,苏EAN1197,,,,,,,,,2024-08-31 09:59:33,2024-09-01 06:15:28,,296,,,,
207,212,粤BG49444,,,,LW433B122P1053252,,,,,2024-08-31 09:59:33,2024-09-01 06:15:28,,296,理想汽车>2022款 Max版,,,
208,213,粤BBT1600,,,,L6T79T2E2PP049797,,,,,2024-08-31 09:59:33,2024-09-01 06:15:28,,509,,12784km,,
209,214,粤B365X2,,,,WBA1J7100FV225942,,,,,2024-08-31 09:59:33,2024-09-01 06:15:28,,508,宝马2系>2014款 M235i 双门轿跑车 3.0T 手自一体,,,
210,215,粤B87AM6,,,,LFV3A24G2F3047723,,,,,2024-08-31 09:59:33,2024-09-01 06:15:28,,406,奥迪A6L>2014款 A6L 2.0TFSI 无级 标准型,97950km,,
211,216,粤BX11X5,,,,WBA51AP08PCL10790,,,,,2024-08-31 09:59:33,2024-09-01 06:15:28,,506,宝马4系>2022款 430i 双门轿跑车 2.0T 手自一体 M运动曜夜套装,,,
212,217,粤BAM6040,,,,LK6ADAE16MB270739,,,,,2024-08-31 09:59:33,2024-09-01 06:15:28,,296,五菱汽车>2020款 宏光MINI EV 悦享款,,,
213,218,粤BX13P3,,,,LVGBF53K7FG706462,,,,,2024-08-31 09:59:33,2024-09-01 06:15:28,,504,丰田>2015款 2.5G 手自一体 豪华导航版,,,
214,219,228173,,,,WP0BA2991RS228173,,,,,2024-08-31 09:59:33,2024-09-01 06:15:28,,99,保时捷>Targa 4,213km,,
215,220,粤B1QU29,,,,,,,,,2024-08-31 09:59:33,2024-09-01 06:15:28,,388,,,,
216,222,粤B临900109,,,,,,,,,2024-08-31 09:59:33,2024-09-01 06:15:28,,355,,,,
217,223,粤BGQ1165,,,,LDP95H96XPE121110,,,,,2024-08-31 09:59:33,2024-09-01 06:15:28,,84,岚图汽车FREE>2024款 超长续航智驾版,,,
218,224,粤S40V0Z,,,,WBA31FA09P8D68555,,,,,2024-08-31 09:59:33,2024-09-01 06:15:28,,371,宝马2系>2023款 M240i 双门轿跑车 3.0T 手自一体,,,
219,225,粤AK91T0,,,,WP0AD299XNS254543,,,,,2024-08-31 09:59:33,2024-09-01 06:15:28,,501,保时捷保时捷911,5406km,,
220,226,粤R0838L,,,,WP0CA2981AS710254,,,,,2024-08-31 09:59:33,2024-09-01 06:15:28,,500,保时捷>2009款 2.7 双离合,,,
221,227,粤B8TX76,,,,LBVKY5106JSP45366,,,,,2024-08-31 09:59:33,2024-09-01 06:15:28,,499,宝马宝马5系(进口),,,
222,228,粤B3VY82,,,,,,,,,2024-08-31 09:59:33,2024-09-01 06:15:28,,74,,,,
223,229,粤BC00783,,,,L6T77HCE1PF092048,,,,,2024-08-31 09:59:33,2024-09-01 06:15:28,,498,,,,
224,230,粤BE8411,,,,,,,,,2024-08-31 09:59:33,2024-09-01 06:15:28,,497,奥迪奥迪A4(进口),,,
225,231,粤BX412V,,,,LMGMB1S88P1040068,,,,,2024-08-31 09:59:33,2024-09-01 06:15:28,,496,传祺>2023款 M8 双擎 2.0T 无级 宗师系列 御尊,,,
226,232,粤B77777,,,,,,,,,2024-08-31 09:59:33,2024-09-01 06:15:28,,495,,,,
227,233,粤B63ZV0,,,,JT2DB41A0NW047195,,,,,2024-08-31 09:59:33,2024-09-01 06:15:28,,426,丰田>2022款 3.0T 手自一体 GR 标准型,,,
228,234,粤B989AM,,,,WP1AG295XHLB81255,,,,,2024-08-31 09:59:33,2024-09-01 06:15:28,,494,保时捷>2017款 Macan GTS 3.0T 双离合,,,
229,235,粤B75PP6,,,,,,,,,2024-08-31 09:59:33,2024-09-01 06:15:28,,307,奔驰威霆,,,
230,236,粤L1KB77,,,,WP0AA2979FL002107,,,,,2024-08-31 09:59:33,2024-09-01 06:15:28,,493,保时捷>2014款 3.0T 双离合,,,
231,237,粤B1K89V,,,,,,,,,2024-08-31 09:59:33,2024-09-01 06:15:28,,492,,,,
232,238,粤B7A68S,,,,WP1AG2926GKA20895,,,,,2024-08-31 09:59:33,2024-09-01 06:15:28,,384,保时捷>2015款 3.0T 手自一体,,,
233,239,粤BW021Q,,,,LVHRM1845G5034109,,,,,2024-08-31 09:59:33,2024-09-01 06:15:28,,209,本田CR-V>2015款 2.0 无级 EXi 两驱风尚版,,,
234,240,粤B147PP,,,,LSKG4GC17PA181533,,,,,2024-08-31 09:59:33,2024-09-01 06:15:28,,308,上汽MAXUS>2023款 2.0T 序列变速 经典傲运通短轴超低顶5/6座,,,
235,241,粤B11VJ5,,,,WP0AA299XMS207679,,,,,2024-08-31 09:59:33,2024-09-01 06:15:28,,490,保时捷911>2020款 Carrera 3.0T 双离合,,,
236,242,粤B5E8Y8,,,,,,,,,2024-08-31 09:59:33,2024-09-01 06:15:28,,489,宝马宝马3系,,,
237,243,粤B6GD66,,,,WP0AA2986HS570081,,,,,2024-08-31 09:59:33,2024-09-01 06:15:28,,115,保时捷718>2016款 718 卡曼 2.0T 双离合,51840km,,
238,244,粤BGH9328,,,,,,,,,2024-08-31 09:59:33,2024-09-01 06:15:28,,87,理想汽车理想L8,,,
239,245,粤B666UR,,,,LGWFF7A57NJ052360,,,,,2024-08-31 09:59:33,2024-09-01 06:15:28,,487,哈弗F7>2021款 2.0T 双离合 四驱i悦,22628km,,
240,246,99860,,,,W1NFB4FB6RB099860,,,,,2024-08-31 09:59:33,2024-09-01 06:15:28,,87,,,,
241,247,粤BA97766,,,,WP0AB2Y1XLSA53016,,,,,2024-08-31 09:59:33,2024-09-01 06:15:28,,190,保时捷>2019款 Taycan 4S Taycan 4S,33549km,,
242,248,66583,,,,,,,,,2024-08-31 09:59:33,2024-09-01 06:15:28,,386,奥迪奥迪S5,,,
243,249,粤BFD9132,,,,LBVKY9106KSR96087,,,,,2024-08-31 09:59:33,2024-09-01 06:15:28,,485,宝马5系新能源>2019款 530Le 2.0T 手自一体 豪华套装(改款),,,
244,250,粤B9PD80,,,,WBA8X3106LBT24347,,,,,2024-08-31 09:59:33,2024-09-01 06:15:28,,210,宝马3系GT>2019款 GT 320i 2.0T 手自一体 M运动套装,,,
245,251,临D02432,,,,LBV61AF0XPSD02432,,,,,2024-08-31 09:59:33,2024-09-01 06:15:28,,483,宝马5系>2022款 530Li 2.0T 手自一体 领先型 豪华套装(改款二),,,
246,252,粤B55VX0,,,,W1N0G6EB9MF947199,,,,,2024-08-31 09:59:33,2024-09-01 06:15:28,,482,奔驰GLC AMG>2020款 GLC 43 AMG 4MATIC 3.0T 手自一体,,,
247,253,粤B242CW,,,,WBS11DM04P8D66909,,,,,2024-08-31 09:59:33,2024-09-01 06:15:28,,481,宝马M2>2023款 M2 双门轿跑车 3.0T 手自一体,4359km,,
248,254,粤BM623M,,,,,,,,,2024-08-31 09:59:33,2024-09-01 06:15:28,,307,宝马宝马3系GT,,,
249,255,粤BT866Z,,,,WBS4Y9100LAC60261,,,,,2024-08-31 09:59:33,2024-09-01 06:15:28,,480,宝马宝马M4,14972km,,
250,256,粤B75ZV0,,,,WP1AA29Y3NDA15158,,,,,2024-08-31 09:59:33,2024-09-01 06:15:28,,190,保时捷>2019款 3.0T 手自一体,18446km,,
251,257,粤B687FS,,,,,,,,,2024-08-31 09:59:33,2024-09-01 06:15:28,,479,宝马宝马6系GT,,,
252,258,粤BW8V87,,,,W1K6X6BB2RA260209,,,,,2024-08-31 09:59:33,2024-09-01 06:15:28,,478,奔驰>2023款 S 480 4MATIC 48V 3.0T 手自一体,,,
253,259,粤BT000F,,,,SCATV6100PU215887,,,,,2024-08-31 09:59:33,2024-09-01 06:15:28,,308,劳斯莱斯库里南,,,
254,260,粤Z840F港,,,,,,,,,2024-08-31 09:59:33,2024-09-01 06:15:28,,67,丰田威尔法,,,
255,261,粤BBE2178,,,,,,,,,2024-08-31 09:59:33,2024-09-01 06:15:28,,87,蔚来蔚来ET5,,,
256,262,粤BFP7992,,,,LW433B115M1051059,,,,,2024-08-31 09:59:33,2024-09-01 06:15:28,,476,理想汽车>2021款 1.2T 增程6座版,,,
257,263,粤B038174,,,,,,,,,2024-08-31 09:59:33,2024-09-01 06:15:28,,16,,,,
258,264,粤BY037S,,,,,,,,,2024-08-31 09:59:33,2024-09-01 06:15:28,,475,奔驰E级(进口)>2023款 E 300 Coupe 2.0T 手自一体,,,
259,265,粤BB3X13,,,,WP1AA2959KLB20035,,,,,2024-08-31 09:59:33,2024-09-01 06:15:28,,474,保时捷>2018款 2.0T 双离合,,,
260,266,粤B9T15P,,,,WBA8X3102KBS98618,,,,,2024-08-31 09:59:33,2024-09-01 06:15:28,,473,宝马3系GT>2019款 GT 320i 2.0T 手自一体 时尚型,,,
261,267,粤BK861V,,,,,,,,,2024-08-31 09:59:33,2024-09-01 06:15:28,,472,宝马宝马7系,60078km,,
262,268,粤BGL7128,,,,LC0C74C4XP0300417,,,,,2024-08-31 09:59:33,2024-09-01 06:15:28,,191,比亚迪>2021款 唐DM-i 1.5T 无级 52KM 豪华型,,,
263,269,粤B97S97,,,,WDC0J6EB5KF627619,,,,,2024-08-31 09:59:33,2024-09-01 06:15:28,,470,奔驰GLC AMG>2017款 GLC 43 AMG Coupe 4MATIC 3.0T 手自一体,,,
264,270,粤Z3617港,,,,JTNGK3DH208005630,,,,,2024-08-31 09:59:33,2024-09-01 06:15:28,,115,丰田>2015款 3.5 手自一体 豪华版,,,
265,271,宁B639T7,,,,SALWA2VF0GA115954,,,,,2024-08-31 09:59:33,2024-09-01 06:15:28,,469,路虎>2016款 3.0T 手自一体 V6 SC HSE Dynamic,108784km,,
266,272,京AB2316,,,,WBAFG2101BLN95682,,,,,2024-08-31 09:59:33,2024-09-01 06:15:28,,428,宝马X6>2011款 X6 xDrive35i 3.0T 手自一体,,,
267,273,粤B9BP88,,,,WDDUX6EB9KA471724,,,,,2024-08-31 09:59:33,2024-09-01 06:15:28,,413,奔驰>2019款 S 450 4MATIC 3.0T 手自一体,58432km,,
268,274,粤B398PN,,,,WAUSGC4G7CN071083,,,,,2024-08-31 09:59:33,2024-09-01 06:15:28,,468,奥迪A7>2012款 A7 Sportback 3.0TFSI 双离合 Quattro 舒适型,,,
269,275,粤BE9S55,,,,JTMHU01J2J4153374,,,,,2024-08-31 09:59:33,2024-09-01 06:15:28,,247,丰田>2015款 4.0 手自一体 4000 中东限量版,99842km,,
270,276,粤BAR8755,,,,LRW3E7FA5MC304188,,,,,2024-08-31 09:59:33,2024-09-01 06:15:28,,466,特斯拉>2020款 长续航后轮驱动版(改款),,,
271,277,粤B88A16,,,,WP1ZZZ9PZ6LA50561,,,,,2024-08-31 09:59:33,2024-09-01 06:15:28,,388,保时捷>2002款 4.5 手自一体,352480km,,
272,278,粤B288ZE,,,,LFV3B2CD8M5743296,,,,,2024-08-31 09:59:33,2024-09-01 06:15:28,,390,大众>2021款 高尔夫GTI 2.0TSI 双离合,,,
273,279,30418,,,,JTNGK3DH3H8030418,,,,,2024-08-31 09:59:33,2024-09-01 06:15:28,,463,丰田>2018款 3.5 手自一体 豪华版,,,
274,280,粤BT8Y88,,,,SALMN1D49CA388066,,,,,2024-08-31 09:59:33,2024-09-01 06:15:28,,177,路虎>2010款 5.0 手自一体 V8 NA HSE,,,
275,281,粤B3A501,,,,WP0AA2977HL104377,,,,,2024-08-31 09:59:33,2024-09-01 06:15:28,,160,保时捷>2017款 3.0T 双离合,80601km,,
276,282,488171,,,,LFMKN5BF0P3488171,,,,,2024-08-31 09:59:33,2024-09-01 06:15:28,,461,丰田>2023款 RAV4荣放 2.0 无级 两驱都市版,,,
277,283,粤B3PC58,,,,WP0AB2994MS221932,,,,,2024-08-31 09:59:33,2024-09-01 06:15:28,,307,保时捷911>2019款 Carrera 4S 3.0T 双离合,,,
278,284,粤L009Y1,,,,LBV21AF08MS003545,,,,,2024-08-31 09:59:33,2024-09-01 06:15:28,,366,宝马5系>2021款 525Li 2.0T 手自一体 豪华套装,51522km,,
279,285,粤P27B52,,,,WP0AA29929S707116,,,,,2024-08-31 09:59:33,2024-09-01 06:15:28,,67,保时捷911>2008款 Carrera 4 3.6 双离合,,,
280,286,临42406,,,,,,,,,2024-08-31 09:59:33,2024-09-01 06:15:28,,456,,,,
281,287,粤B96VG0,,,,WBSUJ0105M9F18602,,,,,2024-08-31 09:59:33,2024-09-01 06:15:28,,458,宝马X4 M>2019款 X4 M 3.0T 手自一体 雷霆版,,,
282,288,粤BFN3280,,,,LW433B127P1057958,,,,,2024-08-31 09:59:33,2024-09-01 06:15:28,,167,理想汽车>2022款 Max版,847km,,
283,289,粤B97CG1,,,,JTHBW1GG2H2166079,,,,,2024-08-31 09:59:33,2024-09-01 06:15:28,,456,雷克萨斯ES>2017款 ES300h 2.5 无级 Mark Levinson舒适版,,,
284,290,粤B1X10G,,,,JF1ZD23A0N9003579,,,,,2024-08-31 09:59:33,2024-09-01 06:15:28,,176,斯巴鲁BRZ>2022款 2.4 手动,,,
285,291,粤B1111111,,,,,,,,,2024-08-31 09:59:33,2024-09-01 06:15:28,,455,奥迪奥迪TT,,,
286,292,粤BH4310,,,,,,,,,2024-08-31 09:59:33,2024-09-01 06:15:28,,454,奥迪奥迪A5,,,
287,293,粤BYB569,,,,LFV6A24F173035617,,,,,2024-08-31 09:59:33,2024-09-01 06:15:28,,453,奥迪A6L>2006款 A6L 3.2FSI 无级 舒适型,,,
288,294,粤BAR618,,,,LB1WG3E10M8148194,,,,,2024-08-31 09:59:33,2024-09-01 06:15:28,,452,奔驰>2021款 2.0T 手自一体 精英版7座,19464km,,
289,295,粤BD398B,,,,,,,,,2024-08-31 09:59:33,2024-09-01 06:15:28,,144,奔驰奔驰C级,74490km,,
290,296,粤BBC0440,,,,LFVVB9E60N5020740,,,,,2024-08-31 09:59:33,2024-09-01 06:15:28,,258,大众>2022款 长续航PURE+版,,,
291,297,粤ACB6923,,,,LJUBMSA27PK006383,,,,,2024-08-31 09:59:33,2024-09-01 06:15:28,,308,路特斯Eletre,,,
292,298,M65068,,,,WMW81BR00M3M65068,,,,,2024-08-31 09:59:33,2024-09-01 06:15:28,,449,MINI COUNTRYMAN>2021款 Cooper S Countryman All 4 2.0T 手自一体,,,
293,299,粤B7339B,,,,WP0BJ2971PL144375,,,,,2024-08-31 09:59:33,2024-09-01 06:15:28,,448,保时捷>2023款 帕纳美拉 Executive 2.9T 双离合,,,
294,300,粤BD505C,,,,4JGDF6EE8JB036656,,,,,2024-08-31 09:59:33,2024-09-01 06:15:28,,447,奔驰GLS>2019款 美规 3.0T 手自一体 美规版,43815km,,
295,301,粤B663U7,,,,JTHBE1BL2C5009523,,,,,2024-08-31 09:59:33,2024-09-01 06:15:28,,446,雷克萨斯GS>2012款 GS350 3.5 手自一体 F-Sport,,,
296,302,粤BAS0917,,,,,,,,,2024-08-31 09:59:33,2024-09-01 06:15:28,,445,蔚来蔚来ES8,,,
297,303,粤B89A91,,,,YV1LF06F7P1993177,,,,,2024-08-31 09:59:33,2024-09-01 06:15:28,,145,沃尔沃XC90>2023款 XC90 48V 2.0T 自动 B6 智逸豪华版 7座,,,
298,304,粤T997RG,,,,WP0CA2992GS141125,,,,,2024-08-31 09:59:33,2024-09-01 06:15:28,,190,保时捷911>2016款 Carrera Cabriolet 3.0T 双离合,58097km,,
299,305,粤BB988F,,,,SCA664L01EUX68914,,,,,2024-08-31 09:59:33,2024-09-01 06:15:28,,26,劳斯莱斯>2014款 6.6T 自动 英骥典藏版,45300km,,
300,306,粤BAS1663,,,,LRW3E7FJXMC470416,,,,,2024-08-31 09:59:33,2024-09-01 06:15:28,,442,特斯拉>2021款 标准续航后驱升级版,,,
301,307,粤BE925F,,,,,,,,,2024-08-31 09:59:33,2024-09-01 06:15:28,,190,奔驰迈巴赫S级,,,
302,308,粤B51N65,,,,LE4WG4CB0HL208717,,,,,2024-08-31 09:59:33,2024-09-01 06:15:28,,441,奔驰C级>2017款 C 200 L 2.0T 手自一体 运动型,,,
303,309,粤B6B00G,,,,WBS3R9107GK454694,,,,,2024-08-31 09:59:33,2024-09-01 06:15:28,,440,宝马M4>2016款 M4 双门轿跑车 3.0T 双离合 竞速限量版,,,
304,310,粤B3M929,,,,LE4ZG4JB2HL081128,,,,,2024-08-31 09:59:33,2024-09-01 06:15:28,,439,奔驰E级>2017款 E 300 L 2.0T 手自一体 运动豪华型,44218km,,
305,311,粤B672B6,,,,LSGKR5AL1KA117611,,,,,2024-08-31 09:59:33,2024-09-01 06:15:28,,438,凯迪拉克CT6>2019款 2.0T 手自一体 28T 时尚型,,,
306,312,8733,,,,JF1ZD23A5P9008733,,,,,2024-08-31 09:59:33,2024-09-01 06:15:28,,384,斯巴鲁BRZ>2023款 2.4 手动 10周年纪念版,,,
307,313,粤BW63T6,,,,WBSJF010XKG967381,,,,,2024-08-31 09:59:33,2024-09-01 06:15:28,,437,宝马M5>2018款 M5 4.4T 手自一体,,,
308,314,粤B03SP8,,,,WDDWF8GB1KF843208,,,,,2024-08-31 09:59:33,2024-09-01 06:15:28,,436,奔驰C级AMG>2019款 C 63 AMG 4.0T 手自一体,,,
309,315,粤B715783,,,,,,,,,2024-08-31 09:59:33,2024-09-01 06:15:28,,425,,1358km,,
310,316,粤B37CN2,,,,LBV5U5405MM076441,,,,,2024-08-31 09:59:33,2024-09-01 06:15:28,,435,宝马3系>2021款 325i 2.0T 手自一体 M运动套装(改款),,,
311,317,粤LM0J02,,,,JF1ZD23A9N9003662,,,,,2024-08-31 09:59:33,2024-09-01 06:15:28,,434,斯巴鲁BRZ>2022款 2.4 手自一体 EyeSight,13431km,,
312,318,粤Z330Q港,,,,WAUZZZF19LD004544,,,,,2024-08-31 09:59:33,2024-09-01 06:15:28,,124,奥迪>2019款 3.0TDI 手自一体 Quattro S line,29715km,,
313,319,粤B27VA7,,,,WAUAGCF40MA016059,,,,,2024-08-31 09:59:33,2024-09-01 06:15:28,,433,奥迪S4>2020款 S4 Limousine 3.0TFSI 手自一体,,,
314,320,粤BD62233,,,,LJ8E3C1M4HD300643,,,,,2024-08-31 09:59:33,2024-09-01 06:15:28,,265,众泰E200>2016款 科技版,,,
315,321,粤B225HY,,,,,,,,,2024-08-31 09:59:33,2024-09-01 06:15:28,,295,奥迪奥迪TT,,,
316,322,粤BE0X69,,,,SALWA2FV8HA125168,,,,,2024-08-31 09:59:33,2024-09-01 06:15:28,,431,路虎>2017款 3.0T 手自一体 V6 SC SE,,,
317,324,粤BD333H,,,,SJAHY14V6PC019086,,,,,2024-08-31 09:59:33,2024-09-01 06:15:28,,416,宾利>2022款 4.0T 手自一体 V8,,,
318,325,粤B0879Q,,,,WDD7X5JB9LA011235,,,,,2024-08-31 09:59:33,2024-09-01 06:15:28,,429,奔驰>2019款 AMG GT 50 48V 3.0T 手自一体,50692km,,
319,326,粤B3MR96,,,,JTNAGACH7P8007459,,,,,2024-08-31 09:59:33,2024-09-01 06:15:28,,428,丰田>2024款 埃尔法 2.5 无级 尊贵版,,,
320,327,粤B7A685,,,,WP1AG2926GKA20895,,,,,2024-08-31 09:59:33,2024-09-01 06:15:28,,174,保时捷>2015款 3.0T 手自一体,95066km,,
321,328,粤BD17772,,,,5YJXCCE47HF035814,,,,,2024-08-31 09:59:33,2024-09-01 06:15:28,,145,特斯拉>2016款 Model X P100D Model X P100D,35100km,,
322,329,闽C9457X,,,,,,,,,2024-08-31 09:59:33,2024-09-01 06:15:28,,426,丰田Supra,29366km,,
323,330,粤B5S3J6,,,,,,,,,2024-08-31 09:59:33,2024-09-01 06:15:28,,295,,,,
324,331,粤B82H2R,,,,LBV31FH02PM715783,,,,,2024-08-31 09:59:33,2024-09-01 06:15:28,,425,宝马3系>2023款 325Li 2.0T 手自一体 M运动套装,,,
325,332,179763,,,,LRWYGCEL0PC179763,,,,,2024-08-31 09:59:33,2024-09-01 06:15:28,,374,,,,
326,333,粤BW0354,,,,LBV61AF02MSZ14164,,,,,2024-08-31 09:59:33,2024-09-01 06:15:28,,423,宝马5系>2021款 530Li 2.0T 手自一体 领先型 豪华套装,,,
327,334,粤B08V30,,,,LBVKY5104LST46202,,,,,2024-08-31 09:59:33,2024-09-01 06:15:28,,237,宝马5系>2020款 530Li 2.0T 手自一体 领先型 豪华套装,,,
328,335,粤B0GA77,,,,LSVUM65N4D2018408,,,,,2024-08-31 09:59:33,2024-09-01 06:15:28,,422,大众>2012款 1.8TSI 手自一体 四驱菁英版,199523km,,
329,336,粤BN117J,,,,1C4BJWEG3CL165669,,,,,2024-08-31 09:59:33,2024-09-01 06:15:28,,421,Jeep>2012款 3.6 手自一体 四门 梦十珍藏版,70595km,,
330,337,粤B9K3D2,,,,LVHFC1687G6016930,,,,,2024-08-31 09:59:33,2024-09-01 06:15:28,,420,本田>2016款 1.5T 无级 220TURBO 尊耀版,,,
331,338,粤ZD738港,,,,,,,,,2024-08-31 09:59:33,2024-09-01 06:15:28,,419,丰田埃尔法,366183km,,
332,339,粤B659830,,,,,,,,,2024-08-31 09:59:33,2024-09-01 06:15:28,,119,,1381km,,
333,340,粤BAS2819,,,,LRWYGCFS9NC272123,,,,,2024-08-31 09:59:33,2024-09-01 06:15:28,,418,特斯拉>2022款 后轮驱动版,,,
334,341,粤BDJ1246,,,,LRWYGCFJ7MC204490,,,,,2024-08-31 09:59:33,2024-09-01 06:15:28,,417,特斯拉>2021款 标准续航后驱版,,,
335,342,粤BG88876,,,,LW433B122N1019275,,,,,2024-08-31 09:59:33,2024-09-01 06:15:28,,416,理想汽车>2022款 1.5T Max版,,,
336,343,粤BGC0038,,,,LDP95E966NE105529,,,,,2024-08-31 09:59:33,2024-09-01 06:15:28,,415,岚图汽车FREE>2021款 1.5T 四驱增程版,19576km,,
337,344,粤B889GA,,,,W1KUG5GB2LA554758,,,,,2024-08-31 09:59:33,2024-09-01 06:15:28,,414,奔驰S级>2020款 S 350 L 48V 3.0T 手自一体 商务型 臻藏版,30317km,,
338,345,N80815,,,,WBS41AZ00RCN80815,,,,,2024-08-31 09:59:33,2024-09-01 06:15:28,,413,宝马M4>2023款 M4 双门轿跑车 3.0T 手自一体 M xDrive 雷霆版,,,
339,346,N80815,,,,WBS41AZ00RCN80815,,,,,2024-08-31 09:59:33,2024-09-01 06:15:28,,413,,,,
340,347,粤B1X56L,,,,LE4WG4CB5HL299368,,,,,2024-08-31 09:59:33,2024-09-01 06:15:28,,386,奔驰C级>2017款 C 200 L 2.0T 手自一体 运动版(改款),72399km,,
341,348,粤B9EJ79,,,,LFMBEC4D3C0112785,,,,,2024-08-31 09:59:33,2024-09-01 06:15:28,,74,丰田锐志,143956km,,
342,349,粤B141159,,,,SAL1A2FUXPA141159,,,,,2024-08-31 09:59:33,2024-09-01 06:15:28,,412,路虎>2023款 揽胜运动版 48V 3.0T 手自一体 P400 Dynamic SE,,,
343,350,粤B924BV,,,,JTNHS3DH7M8052520,,,,,2024-08-31 09:59:33,2024-09-01 06:15:28,,329,丰田>2019款 威尔法 2.5 无级 HV 豪华版,,,
344,351,粤B676Q3,,,,LVRHDAAL7GN444693,,,,,2024-08-31 09:59:33,2024-09-01 06:15:28,,411,马自达3>2016款 马自达3 昂克赛拉-两厢 1.5 手自一体 豪华型,,,
345,352,粤B837QB,,,,WDDLJ6CB6HA199349,,,,,2024-08-31 09:59:33,2024-09-01 06:15:28,,410,奔驰CLS级>2017款 CLS 320 3.0T 手自一体 逸彩版,66167km,,
346,353,粤BGF3385,,,,LC0D74C49P0272565,,,,,2024-08-31 09:59:33,2024-09-01 06:15:28,,409,腾势D9>2022款 腾势D9 DM-i 1.5T 无级 945 豪华型,1748km,,
347,354,粤B91KA8,,,,LE4ZF4DB7HL029959,,,,,2024-08-31 09:59:33,2024-09-01 06:15:28,,408,奔驰E级>2017款 E 200 4MATIC 2.0T 手自一体 运动型,,,
348,355,粤BX77A3,,,,W1K7X5JB5MA038174,,,,,2024-08-31 09:59:33,2024-09-01 06:15:28,,16,奔驰>2020款 AMG GT 50 48V 3.0T 手自一体,,,
349,356,粤B71CD7,,,,LBV6R4106MM085542,,,,,2024-08-31 09:59:33,2024-09-01 06:15:28,,406,宝马3系>2021款 325Li 2.0T 手自一体 M运动套装(改款),42348km,,
350,357,粤B726JJ,,,,SCBCE13S1LC078102,,,,,2024-08-31 09:59:33,2024-09-01 06:15:28,,262,宾利>2021款 欧陆 GT W12 Mulliner 6.0T 双离合,,,
351,358,粤BFM7373,,,,LW433B119N1008328,,,,,2024-08-31 09:59:33,2024-09-01 06:15:28,,172,理想汽车>2021款 1.2T 增程6座版,,,
352,359,粤BS983U,,,,4JGDA5GB5JB017932,,,,,2024-08-31 09:59:33,2024-09-01 06:15:28,,269,,79851km,,
353,360,粤SHH858,,,,WDDBF4DB6HV169602,,,,,2024-08-31 09:59:33,2024-09-01 06:15:28,,176,奔驰A级(进口)>2017款 A 200 1.6T 双离合 动感型,,,
354,361,粤AZ63M2,,,,WBS11DM02P8D61997,,,,,2024-08-31 09:59:33,2024-09-01 06:15:28,,403,宝马M2>2023款 M2 双门轿跑车 3.0T 手自一体,1301km,,
355,362,粤BB8883,,,,,,,,,2024-08-31 09:59:33,2024-09-01 06:15:28,,402,,,,
356,363,粤BA00Z9,,,,LFMG1E727JS039459,,,,,2024-08-31 09:59:33,2024-09-01 06:15:28,,393,丰田>2018款 3.5 手自一体 SX,,,
357,364,粤BB449R,,,,LVSHFFAC8DF632313,,,,,2024-08-31 09:59:33,2024-09-01 06:15:28,,401,福特>2013款 2.0T 手自一体 GTDi200 时尚型,124382km,,
358,365,粤L436S7,,,,LBV2W7104PM659830,,,,,2024-08-31 09:59:33,2024-09-01 06:15:28,,119,宝马1系>2022款 125i 2.0T 双离合 M运动曜夜版,,,
359,366,粤B77X51,,,,WP1AB29YXKDA81473,,,,,2024-08-31 09:59:33,2024-09-01 06:15:28,,255,保时捷>2018款 卡宴 S 2.9T 手自一体,,,
360,367,粤B99VV3,,,,W1K1J8DB4MF168373,,,,,2024-08-31 09:59:33,2024-09-01 06:15:28,,399,奔驰E级(进口)>2020款 E 300 Coupe 2.0T 手自一体,,,
361,368,粤R803Y5,,,,JF1ZD23A6P9008790,,,,,2024-08-31 09:59:33,2024-09-01 06:15:28,,398,斯巴鲁BRZ>2023款 2.4 手动 10周年纪念版,2603km,,
362,369,粤B03712,,,,ZFF92LME3N0279638,,,,,2024-08-31 09:59:33,2024-09-01 06:15:28,,397,法拉利F8>2019款 F8 Tributo 3.9T 双离合 V8,,,
363,370,粤BD68555,,,,WBA31FA09P8D68555,,,,,2024-08-31 09:59:33,2024-09-01 06:15:28,,396,,,,
364,371,粤B310UE,,,,WDDUG6EB3JZ359418,,,,,2024-08-31 09:59:33,2024-09-01 06:15:28,,395,奔驰S级>2018款 S 450 L 4MATIC 3.0T 手自一体 卓越特别版,,,
365,373,粤B00M31,,,,JN8BY2NY6K9194905,,,,,2024-08-31 09:59:33,2024-09-01 06:15:28,,393,日产>2018款 4.0 手自一体 领英型,64111km,,
366,374,粤B62QF6,,,,WBACY6104LLE37526,,,,,2024-08-31 09:59:33,2024-09-01 06:15:28,,392,宝马X6>2020款 X6 xDrive40i 3.0T 手自一体 M运动套装,35488km,,
367,375,粤B77VY7,,,,WBS31AY08MFL40559,,,,,2024-08-31 09:59:33,2024-09-01 06:15:28,,391,宝马1系M>2021款 M3 四门轿跑车 3.0T 手自一体 雷霆版,,,
368,376,P09446,,,,WBA11FD09P9P09446,,,,,2024-08-31 09:59:33,2024-09-01 06:15:28,,36,宝马X3(进口)>2022款 X3 M40i 3.0T 手自一体,,,
369,377,粤BK01E9,,,,,,,,,2024-08-31 09:59:33,2024-09-01 06:15:28,,390,,,,
370,378,粤BB78Q3,,,,WBS31AY02MFL26673,,,,,2024-08-31 09:59:33,2024-09-01 06:15:28,,389,宝马1系M>2021款 M3 四门轿跑车 3.0T 手自一体 雷霆版,22007km,,
371,379,粤B3317G,,,,WDD1J4JBXHF028153,,,,,2024-08-31 09:59:33,2024-09-01 06:15:28,,386,奔驰E级(进口)>2017款 E 300 Coupe 2.0T 手自一体,64102km,,
372,380,粤B500733,,,,JHMFL5740PX500733,,,,,2024-08-31 09:59:33,2024-09-01 06:15:28,,115,,,,
373,381,粤B1387H,,,,LFV3A28KXB3059613,,,,,2024-08-31 09:59:33,2024-09-01 06:15:28,,388,奥迪A4L>2011款 A4L 2.0TFSI 无级 132kw标准型,251546km,,
374,382,XC2836,,,,JM6GJ1022G0207647,,,,,2024-08-31 09:59:33,2024-09-01 06:15:28,,387,,6129km,,
375,383,粤BR113R,,,,WVGSW6CR5KD040036,,,,,2024-08-31 09:59:33,2024-09-01 06:15:28,,386,大众>2019款 3.0TSI 手自一体 锐锋版,,,
376,384,粤B5CQ35,,,,,,,,,2024-08-31 09:59:33,2024-09-01 06:15:28,,385,本田冠道,,,
377,385,粤BG468E,,,,LMGJC3S82N1004871,,,,,2024-08-31 09:59:33,2024-09-01 06:15:28,,159,广汽传祺>2022款 GS8 混动 2.0TM 无级 四驱尊贵版六座,,,
378,386,粤BS9F03,,,,JTEGS54M5AA008363,,,,,2024-08-31 09:59:33,2024-09-01 06:15:28,,384,丰田>2010款 3.5 手自一体 7座豪华型,,,
379,387,粤B020740,,,,LFVVB9E60N5020740,,,,,2024-08-31 09:59:33,2024-09-01 06:15:28,,383,大众>2022款 长续航PURE+版,,,
380,388,粤B828H0,,,,,,,,,2024-08-31 09:59:33,2024-09-01 06:15:28,,382,,103250km,,
381,389,粤B0P8L8,,,,WDDBF5CB8FJ348851,,,,,2024-08-31 09:59:33,2024-09-01 06:15:28,,381,奔驰A级AMG(进口)>2014款 A 45 AMG 4MATIC 2.0T 双离合,,,
382,390,4871,,,,LMGJC3S82N1004871,,,,,2024-08-31 09:59:33,2024-09-01 06:15:28,,159,广汽传祺>2022款 GS8 混动 2.0TM 无级 四驱尊贵版六座,,,
383,391,粤B6379G,,,,,,,,,2024-08-31 09:59:33,2024-09-01 06:15:28,,456,宝马宝马X5,,,
384,392,粤B620DG,,,,WP1AA2950MLB25238,,,,,2024-08-31 09:59:33,2024-09-01 06:15:28,,380,保时捷>2020款 2.0T 双离合,,,
385,393,粤B3225M,,,,WBA1J7105FV225581,,,,,2024-08-31 09:59:33,2024-09-01 06:15:28,,379,宝马2系>2014款 M235i 双门轿跑车 3.0T 手自一体,44521km,,
386,394,粤BQ57R5,,,,W1NFF6HB0NA621136,,,,,2024-08-31 09:59:33,2024-09-01 06:15:28,,378,奔驰>2021款 GLS 480 4MATIC 48V 3.0T 手自一体,,,
387,395,粤BAS4510,,,,,,,,,2024-08-31 09:59:33,2024-09-01 06:15:28,,377,,10313km,,
388,396,粤B3R8R1,,,,WAU9GCF27LN094976,,,,,2024-08-31 09:59:33,2024-09-01 06:15:28,,376,奥迪A6>2020款 A6 Allroad 48V 3.0TFSI 双离合 55TFSI 探索家 尊享越野型,,,
389,397,粤BZ899G,,,,WDDWF8GB6GF285248,,,,,2024-08-31 09:59:33,2024-09-01 06:15:28,,375,奔驰C级AMG>2015款 C 63 AMG 4.0T 手自一体,,,
390,398,粤BS690C,,,,LBV21AF00NS447925,,,,,2024-08-31 09:59:33,2024-09-01 06:15:28,,374,宝马5系>2022款 525Li 2.0T 手自一体 豪华套装(改款),,,
391,399,88888,,,,,,,,,2024-08-31 09:59:33,2024-09-01 06:15:28,,87,,,,
392,400,粤B138PQ,,,,WAUAFEF53MA046860,,,,,2024-08-31 09:59:33,2024-09-01 06:15:28,,372,奥迪A5>2019款 A5 Sportback 2.0TFSI 双离合 45TFSI Quattro 运动型,,,
393,401,粤B5656S,,,,LE4HG3GB4GL244826,,,,,2024-08-31 09:59:33,2024-09-01 06:15:28,,371,奔驰E级>2015款 E 260 L 2.0T 手自一体(改款),,,
394,402,粤B644TR,,,,LVHFK7795M6032262,,,,,2024-08-31 09:59:33,2024-09-01 06:15:28,,370,本田>2021款 思域Hatchback 1.5T 手动 220TURBO 驾趣控,59255km,,
395,403,粤BD88C1,,,,JTNGZ3DH8J8039004,,,,,2024-08-31 09:59:33,2024-09-01 06:15:28,,144,丰田>2018款 3.5 手自一体 豪华版(改款),,,
396,404,粤B3P27P,,,,WBA4S7104JAA47627,,,,,2024-08-31 09:59:33,2024-09-01 06:15:28,,368,宝马4系>2017款 430i 双门轿跑车 2.0T 手自一体 M运动套装,,,
397,406,粤B989AJ,,,,LE4ZG4JB6JL180976,,,,,2024-08-31 09:59:33,2024-09-01 06:15:28,,367,奔驰E级>2018款 E 300 L 2.0T 手自一体 运动豪华型(改款),72480km,,
398,408,粤B6D3Y9,,,,LVSHFCAH1FH015272,,,,,2024-08-31 09:59:33,2024-09-01 06:15:28,,365,福特>2015款 2.7GTDi 手自一体 四驱运动型,,,
399,409,粤BBW2879,,,,LRW3E7FS3PC893884,,,,,2024-08-31 09:59:33,2024-09-01 06:15:28,,364,特斯拉>2022款 后轮驱动版,,,
400,410,粤B8CB00,,,,SCBCZ13S7LC082563,,,,,2024-08-31 09:59:33,2024-09-01 06:15:28,,329,宾利>2020款 欧陆 GT V8 4.0T 双离合,,,
401,411,云F82S55,,,,WBS4Y9103LFH06826,,,,,2024-08-31 09:59:33,2024-09-01 06:15:28,,363,宝马宝马M4,,,
402,412,粤B0Z5C0,,,,WBAHF1105NWX73165,,,,,2024-08-31 09:59:33,2024-09-01 06:15:28,,362,宝马Z4>2022款 Z4 sDrive25i 2.0T 手自一体 M运动套装,,,
403,413,粤BBM5099,,,,LRW3E7FA9MC372820,,,,,2024-08-31 09:59:33,2024-09-01 06:15:28,,361,特斯拉>2021款 标准续航后驱升级版(改款),,,
404,414,粤B924TJ,,,,WP0AE2984RK274099,,,,,2024-08-31 09:59:33,2024-09-01 06:15:28,,329,保时捷718>2022款 718 卡曼 GT4 RS 4.0 双离合,,,
405,415,粤BNT838,,,,LE4WG4CB4JL340224,,,,,2024-08-31 09:59:33,2024-09-01 06:15:28,,265,奔驰C级>2018款 C 200 L 2.0T 手自一体 运动版 成就特别版,82872km,,
406,416,粤BGA3872,,,,LW433B122P1602514,,,,,2024-08-31 09:59:33,2024-09-01 06:15:28,,359,理想汽车理想L8,,,
407,417,粤BD65755,,,,5YJXCCE22HF036304,,,,,2024-08-31 09:59:33,2024-09-01 06:15:28,,23,特斯拉>2016款 Model X 90D Model X 90D,22611km,,
408,418,临,,,,,,,,,2024-08-31 09:59:33,2024-09-01 06:15:28,,357,,,,
409,419,111111,,,,,,,,,2024-08-31 09:59:33,2024-09-01 06:15:28,,318,,,,
410,420,粤B248TX,,,,LE4ZG4JB3JL239823,,,,,2024-08-31 09:59:33,2024-09-01 06:15:28,,95,奔驰E级>2018款 E 300 L 2.0T 手自一体 时尚型(改款),31401km,,
411,421,粤B2ZT90,,,,,,,,,2024-08-31 09:59:33,2024-09-01 06:15:28,,356,奥迪奥迪A4L,,,
412,422,粤B22E3B,,,,WUA6RDF45PA900109,,,,,2024-08-31 09:59:33,2024-09-01 06:15:28,,355,奥迪奥迪RS 4,,,
413,423,粤B6S88C,,,,ZN661YUA8HX195937,,,,,2024-08-31 09:59:33,2024-09-01 06:15:28,,256,玛莎拉蒂>2016款 Levante S 3.0T 手自一体,,,
414,424,粤B9HU76,,,,WAU7FCF27MN080085,,,,,2024-08-31 09:59:33,2024-09-01 06:15:28,,159,奥迪A6>2021款 A6 Avant 2.0TFSI 双离合 40TFSI 先锋派 豪华动感型,,,
415,425,粤B599KP,,,,ZAMXS57EXK1329305,,,,,2024-08-31 09:59:33,2024-09-01 06:15:28,,352,玛莎拉蒂>2019款 3.0T 手自一体 350Hp 标准版,50644km,,
416,426,粤B6J66G,,,,L2CCA2BG2GG332786,,,,,2024-08-31 09:59:33,2024-09-01 06:15:28,,228,路虎>2016款 2.0T 手自一体 S,90936km,,
417,427,粤BN528J,,,,WDCYC6AH1KX313404,,,,,2024-08-31 09:59:33,2024-09-01 06:15:28,,366,奔驰G级>2019款 G 500 4.0T 手自一体,42732km,,
418,428,粤B82HT8,,,,JTEGS21H4C8066318,,,,,2024-08-31 09:59:33,2024-09-01 06:15:28,,61,丰田>2012款 3.5 手自一体 豪华版,,,
419,429,粤BB226F,,,,WDC0G6EB5JF334090,,,,,2024-08-31 09:59:33,2024-09-01 06:15:28,,350,奔驰GLC AMG>2017款 GLC 43 AMG 4MATIC 3.0T 手自一体,,,
420,430,粤BM887H,,,,LE40G4GB2JL237061,,,,,2024-08-31 09:59:33,2024-09-01 06:15:28,,349,奔驰GLC>2018款 GLC 260 4MATIC 2.0T 手自一体 动感型(改款),88771km,,
421,431,粤BG21020,,,,LW433B120N1006377,,,,,2024-08-31 09:59:33,2024-09-01 06:15:28,,348,理想汽车>2022款 1.5T Max版,875km,,
422,432,粤B427CV,,,,SALKA9EU4PA067509,,,,,2024-08-31 09:59:33,2024-09-01 06:15:28,,23,路虎>2023款 揽胜 48V 3.0T 手自一体 L6 400PS 创世加长版,,,
423,433,粤B3333,,,,,,,,,2024-08-31 09:59:33,2024-09-01 06:15:28,,346,保时捷保时捷911,,,
424,434,粤B68F16,,,,LVGDD4A49NG041852,,,,,2024-08-31 09:59:33,2024-09-01 06:15:28,,345,丰田>2021款 2.5 无级 舒适版,,,
425,435,粤BBH7881,,,,LJ1EEAUU7PG555891,,,,,2024-08-31 09:59:33,2024-09-01 06:15:28,,172,蔚来>2023款 75kWh Touring,,,
426,437,B159459,,,,JTHBK2623B5159459,,,,,2024-08-31 09:59:33,2024-09-01 06:15:28,,190,雷克萨斯IS>2011款 IS250 2.5 手自一体 风驰版,141929km,,
427,438,粤WF4766,,,,LE4ZG8DB7PL882557,,,,,2024-08-31 09:59:33,2024-09-01 06:15:28,,237,奔驰E级>2023款 E 300 L 2.0T 手自一体 运动时尚型,,,
428,439,粤BKWV3,,,,,,,,,2024-08-31 09:59:33,2024-09-01 06:15:28,,207,,,,
429,440,B111111,,,,,,,,,2024-08-31 09:59:33,2024-09-01 06:15:28,,342,保时捷保时捷718,,,
430,441,粤B2P00C,,,,JF1ZC12A8H9011948,,,,,2024-08-31 09:59:33,2024-09-01 06:15:28,,341,斯巴鲁BRZ>2017款 2.0 手动 type-S,66732km,,
431,442,粤BAU8697,,,,,,,,,2024-08-31 09:59:33,2024-09-01 06:15:28,,340,,,,
432,443,粤B507D3,,,,JHMFL5740PX500733,,,,,2024-08-31 09:59:33,2024-09-01 06:15:28,,115,本田思域,,,
433,444,粤BM531E,,,,WBA2M310XL7F74355,,,,,2024-08-31 09:59:33,2024-09-01 06:15:28,,94,宝马2系>2019款 225i 敞篷轿跑车 2.0T 手自一体 运动设计套装,10966km,,
434,445,粤BDF8779,,,,LRWYGCFJ8MC104771,,,,,2024-08-31 09:59:33,2024-09-01 06:15:28,,338,特斯拉>2021款 标准续航后驱版,,,
435,446,694030,,,,LE4ZG8DB8ML694030,,,,,2024-08-31 09:59:33,2024-09-01 06:15:28,,309,奔驰E级>2021款 E 300 L 2.0T 手自一体 豪华型,,,
436,447,粤BM6M82,,,,LBV6P410XMMY47616,,,,,2024-08-31 09:59:33,2024-09-01 06:15:28,,337,宝马3系>2021款 325Li 2.0T 手自一体 M运动套装,30068km,,
437,448,粤BD10775,,,,5YJ3E7EB6KF499280,,,,,2024-08-31 09:59:33,2024-09-01 06:15:28,,190,特斯拉>2019款 长续航全轮驱动版,80034km,,
438,449,粤B6X8Q0,,,,,,,,,2024-08-31 09:59:33,2024-09-01 06:15:28,,335,丰田威尔法,20850km,,
439,450,粤ZW145港,,,,JTHBAAAB208000349,,,,,2024-08-31 09:59:33,2024-09-01 06:15:28,,256,,7936km,,
440,451,粤BU338X,,,,LFV3B2CDXN5308961,,,,,2024-08-31 09:59:33,2024-09-01 06:15:28,,366,大众>2021款 高尔夫GTI 2.0TSI 双离合,,,
441,452,粤ZS051港,,,,JT7X2RB8007022175,,,,,2024-08-31 09:59:33,2024-09-01 06:15:28,,333,,28404km,,
442,453,粤BD6R60,,,,WBA51BJ08MWX37718,,,,,2024-08-31 09:59:33,2024-09-01 06:15:28,,332,宝马5系(进口)>2021款 540i 3.0T 手自一体 风尚版 M运动套装,,,
443,454,粤BBV1211,,,,LNXGHZFE3PZ386209,,,,,2024-08-31 09:59:33,2024-09-01 06:15:28,,308,东风风行菱智,,,
444,455,粤BAK1167,,,,LC0CE6CD9M1038557,,,,,2024-08-31 09:59:33,2024-09-01 06:15:28,,190,比亚迪>2020款 超长续航版豪华型,18255km,,
445,456,粤B775V7,,,,JF1ZD23A9P9006466,,,,,2024-08-31 09:59:33,2024-09-01 06:15:28,,125,斯巴鲁BRZ>2023款 2.4 手动 10周年纪念版,1115km,,
446,457,粤B924KJ,,,,WP0BA2993PS228432,,,,,2024-08-31 09:59:33,2024-09-01 06:15:28,,329,保时捷911>2023款 Targa 4 3.0T 双离合,,,
447,458,粤B6RE52,,,,,,,,,2024-08-31 09:59:33,2024-09-01 06:15:28,,328,宝马宝马M4,,,
448,460,粤B160WA,,,,,,,,,2024-08-31 09:59:33,2024-09-01 06:15:28,,326,奔驰奔驰C级(进口),,,
449,461,粤B0MN55,,,,ZPBEA2ZL7NLA20711,,,,,2024-08-31 09:59:33,2024-09-01 06:15:28,,103,兰博基尼>2021款 4.0T 手自一体 V8,,,
450,462,6296,,,,L6T79T2E7PP051853,,,,,2024-08-31 09:59:33,2024-09-01 06:15:28,,308,,,,
451,463,粤B6U88N,,,,WMWLN3108H2E42653,,,,,2024-08-31 09:59:33,2024-09-01 06:15:28,,83,MINI CLUBMAN>2016款 Cooper Clubman 1.5T 手自一体(改款),18743km,,
452,464,粤BS912S,,,,JTJZAMCAXN2133048,,,,,2024-08-31 09:59:33,2024-09-01 06:15:28,,324,雷克萨斯RX>2020款 RX300 2.0T 手自一体 两驱精英版(改款),,,
453,465,粤B51VJ5,,,,W1NFF6HB7MA556798,,,,,2024-08-31 09:59:33,2024-09-01 06:15:28,,193,奔驰>2021款 GLS 480 4MATIC 48V 3.0T 手自一体,,,
454,466,粤B80WR9,,,,WP1BB29Y8MDA78482,,,,,2024-08-31 09:59:33,2024-09-01 06:15:28,,190,保时捷>2020款 卡宴 S Coupe 2.9T 手自一体,,,
455,467,粤BD333X,,,,5TDDK3DC6BS013532,,,,,2024-08-31 09:59:33,2024-09-01 06:15:28,,321,丰田>2011款 3.5 手自一体 四驱限量版,73354km,,
456,468,粤BD77116,,,,LRWYGCFS1PC065504,,,,,2024-08-31 09:59:33,2024-09-01 06:15:28,,84,特斯拉>2022款 后轮驱动版,,,
457,469,粤BWJ351,,,,WP1BA29Y4LDA68517,,,,,2024-08-31 09:59:33,2024-09-01 06:15:28,,144,保时捷>2019款 卡宴 3.0T 手自一体,45902km,,
458,470,粤BX3X73,,,,JF1ZN25AXP9005188,,,,,2024-08-31 09:59:33,2024-09-01 06:15:28,,319,丰田丰田86,,,
459,471,粤B5W4N5,,,,LFV3A24G3F3077796,,,,,2024-08-31 09:59:33,2024-09-01 06:15:28,,318,奥迪A6L>2015款 A6L 2.0TFSI 无级 百万纪念智领型,62818km,,
460,472,粤BG396H,,,,WVGWT6CR0ND025815,,,,,2024-08-31 09:59:33,2024-09-01 06:15:28,,238,大众>2022款 2.0TSI 手自一体 锐尚版,,,
461,473,粤B29WH5,,,,WUA6RDF47MA900463,,,,,2024-08-31 09:59:33,2024-09-01 06:15:28,,317,奥迪奥迪RS 4,,,
462,474,粤B00ZU4,,,,,,,,,2024-08-31 09:59:33,2024-09-01 06:15:28,,316,,,,
463,475,粤A5VR66,,,,SALWA2FV9HA671851,,,,,2024-08-31 09:59:33,2024-09-01 06:15:28,,67,路虎>2017款 3.0T 手自一体 V6 SC SE,,,
464,476,粤B8B29Y,,,,,,,,,2024-08-31 09:59:33,2024-09-01 06:15:28,,73,保时捷Cayenne,,,
465,477,粤B66C09,,,,WP0AA2988LS260550,,,,,2024-08-31 09:59:33,2024-09-01 06:15:28,,362,保时捷718>2020款 718 卡曼 2.0T 双离合,,,
466,478,粤BV4G58,,,,LFV3A24K4K3210841,,,,,2024-08-31 09:59:33,2024-09-01 06:15:28,,315,奥迪A6L>2019款 A6L 2.0TFSI 双离合 45TFSI 臻选致雅型,,,
467,479,粤B326HJ,,,,,,,,,2024-08-31 09:59:33,2024-09-01 06:15:28,,314,,,,
468,480,粤B1KJ36,,,,W1NYC1AJ3MX392291,,,,,2024-08-31 09:59:33,2024-09-01 06:15:28,,313,奔驰G级>2020款 G 350 2.0T 手自一体,11506km,,
469,481,粤Z42F7港,,,,WBACR620X0LS16453,,,,,2024-08-31 09:59:33,2024-09-01 06:15:28,,307,宝马X5>2019款 X5 xDrive40i 3.0T 手自一体 M运动套装,31542km,,
470,482,粤Z05G8港,,,,JTNGZ3DH708047254,,,,,2024-08-31 09:59:33,2024-09-01 06:15:28,,99,丰田>2018款 3.5 手自一体 豪华版(改款),,,
471,483,粤BA5P89,,,,W1NYC6AJ6MX403443,,,,,2024-08-31 09:59:33,2024-09-01 06:15:28,,312,奔驰G级>2021款 G 500 4.0T 手自一体,,,
472,484,粤BV08W1,,,,LVGDD4A40MG002243,,,,,2024-08-31 09:59:33,2024-09-01 06:15:28,,115,丰田>2021款 2.5 无级 舒适版,28106km,,
473,485,粤TZ376R,,,,JTHB71B13M2133666,,,,,2024-08-31 09:59:33,2024-09-01 06:15:28,,311,雷克萨斯ES>2020款 ES300h 2.5 无级 卓越版,,,
474,488,粤BAE678,,,,LE4ZG8DB8ML694030,,,,,2024-08-31 09:59:33,2024-09-01 06:15:28,,309,奔驰E级>2021款 E 300 L 2.0T 手自一体 豪华型,,,
475,489,粤BA52367,,,,WP0AC2Y16PSA52061,,,,,2024-08-31 09:59:33,2024-09-01 06:15:28,,308,保时捷>2019款 Taycan Turbo Taycan Turbo,,,
476,490,粤BJ003T,,,,WP0AJ297XNL100299,,,,,2024-08-31 09:59:33,2024-09-01 06:15:28,,22,保时捷>2021款 2.9T 双离合,,,
477,491,粤BGC0913,,,,LW433B127P1034373,,,,,2024-08-31 09:59:33,2024-09-01 06:15:28,,306,理想汽车>2022款 Max版,,,
478,492,粤L88T76,,,,LVRHDFAC8GN538465,,,,,2024-08-31 09:59:33,2024-09-01 06:15:28,,305,马自达3>2016款 马自达3 昂克赛拉-三厢 2.0 手自一体 旗舰型,,,
479,493,粤A1UB80,,,,WDDLJ3GB9FA144593,,,,,2024-08-31 09:59:33,2024-09-01 06:15:28,,304,奔驰CLS级>2015款 CLS 260 2.0T 手自一体,,,
480,494,粤BBQ1236,,,,L6T79T2E3NP051085,,,,,2024-08-31 09:59:33,2024-09-01 06:15:28,,303,极氪汽车>2021款 长续航双电机 WE版,,,
481,495,粤BQW128,,,,SADCA2BX1MA678356,,,,,2024-08-31 09:59:33,2024-09-01 06:15:28,,287,捷豹F-PACE>2020款 2.0T 手自一体 都市尊享版,,,
482,497,粤B301GJ,,,,LE4ZG8DB0PL918136,,,,,2024-08-31 09:59:33,2024-09-01 06:15:28,,301,奔驰E级>2023款 E 300 L 2.0T 手自一体 运动时尚型,5327km,,
483,498,粤B7P75Z,,,,LBV8W3109JMK54458,,,,,2024-08-31 09:59:33,2024-09-01 06:15:28,,300,宝马3系>2018款 320Li 2.0T 手自一体 时尚型,,,
484,499,粤B957ST,,,,WP0AJ2974PL108501,,,,,2024-08-31 09:59:33,2024-09-01 06:15:28,,93,保时捷>2021款 2.9T 双离合,,,
485,500,粤B833Q3,,,,LFMB0ABB0J0096031,,,,,2024-08-31 09:59:33,2024-09-01 06:15:28,,299,丰田>2018款 2.0T 手自一体 时尚版,9944km,,
486,501,粤B2S9W8,,,,WVWLS57N6HV237774,,,,,2024-08-31 09:59:33,2024-09-01 06:15:28,,190,大众>2017款 2.0TSI 双离合 380TSI 舒享型6座,,,
487,502,粤L098HK,,,,LHGCR1626G8010762,,,,,2024-08-31 09:59:33,2024-09-01 06:15:28,,297,本田>2016款 第九代雅阁 2.0 无级 舒适版,81392km,,
488,503,粤BDK2468,,,,LRWYGCFJ6NC246389,,,,,2024-08-31 09:59:33,2024-09-01 06:15:28,,296,特斯拉>2021款 标准续航后驱版,,,
489,504,粤BSF238,,,,,,,,,2024-08-31 09:59:33,2024-09-01 06:15:28,,295,,,,
490,505,粤B68GA0,,,,WP1AA2958KLB04182,,,,,2024-08-31 09:59:33,2024-09-01 06:15:28,,294,保时捷>2018款 2.0T 双离合,79106km,,
491,506,粤B062290,,,,LW433B120P1062290,,,,,2024-08-31 09:59:33,2024-09-01 06:15:28,,293,理想汽车>2022款 Max版,,,
492,507,粤BB39949,,,,LJ1EEAUU9PG548392,,,,,2024-08-31 09:59:33,2024-09-01 06:15:28,,139,蔚来蔚来ET5,,,
493,508,粤BB11856,,,,WP1AA2955PLB11856,,,,,2024-08-31 09:59:33,2024-09-01 06:15:28,,291,保时捷>2023款 2.0T 双离合,,,
494,509,粤BDD9948,,,,L6T79T2E9NP033061,,,,,2024-08-31 09:59:33,2024-09-01 06:15:28,,290,极氪汽车>2021款 长续航双电机 WE版,,,
495,510,粤D708N6,,,,,,,,,2024-08-31 09:59:33,2024-09-01 06:15:28,,26,,,,
496,511,粤BBH2705,,,,LS6D3G0Y8PA504185,,,,,2024-08-31 09:59:33,2024-09-01 06:15:28,,289,阿维塔11>2022款 长续航双电机版,543km,,
497,512,粤BP866M,,,,WP1BA29Y9LDA62843,,,,,2024-08-31 09:59:33,2024-09-01 06:15:28,,6,保时捷>2019款 卡宴 3.0T 手自一体,,,
498,513,粤BNM878,,,,WP1AA29Y0NDA05204,,,,,2024-08-31 09:59:33,2024-09-01 06:15:28,,237,保时捷>2019款 3.0T 手自一体,17354km,,
499,514,粤B9L99R,,,,LGBW1PE06FR009761,,,,,2024-08-31 09:59:33,2024-09-01 06:15:28,,287,,104741km,,
500,515,粤BX77290,,,,,,,,,2024-08-31 09:59:33,2024-09-01 06:15:28,,282,,,,
501,517,粤B011103,,,,WAU7FCF2XNN011103,,,,,2024-08-31 09:59:33,2024-09-01 06:15:28,,286,奥迪A6>2021款 A6 Avant 2.0TFSI 双离合 45TFSI 先锋派 星辰版,,,
502,518,粤B044FD,,,,WDDGJ7HB5EG284921,,,,,2024-08-31 09:59:33,2024-09-01 06:15:28,,285,奔驰C级AMG>2012款 C 63 AMG Coupe 6.2 手自一体 高性能版,103583km,,
503,519,粤BA48Q3,,,,WBSKG9104BE685626,,,,,2024-08-31 09:59:33,2024-09-01 06:15:28,,284,宝马M3>2011款 M3 双门轿跑车 4.0 双离合 磨砂限量版,,,
504,520,粤BG97212,,,,LW433B120N1056244,,,,,2024-08-31 09:59:33,2024-09-01 06:15:28,,115,理想汽车>2022款 1.5T Max版,,,
505,521,粤B8929Z,,,,,,,,,2024-08-31 09:59:33,2024-09-01 06:15:28,,283,奥迪奥迪A6(进口),,,
506,522,A00291,,,,ZHWEC1ZF8FLA00291,,,,,2024-08-31 09:59:33,2024-09-01 06:15:28,,282,兰博基尼>2014款 LP610-4 5.2 双离合,,,
507,523,X77290,,,,SCA665C04EUX77290,,,,,2024-08-31 09:59:33,2024-09-01 06:15:28,,282,劳斯莱斯>2014款 6.6T 手自一体 标准型,,,
508,524,粤B3EZ57,,,,WP0AD2993NS254495,,,,,2024-08-31 09:59:33,2024-09-01 06:15:28,,281,保时捷911>2020款 Turbo S 3.8T 双离合,,,
509,525,粤BF75P5,,,,YV1DZ90H5E2504812,,,,,2024-08-31 09:59:33,2024-09-01 06:15:28,,280,沃尔沃XC60(进口)>2014款 3.0T 手自一体 T6智尚版,118248km,,
510,526,粤B0Z5C5,,,,WDDPK3FA8LF166137,,,,,2024-08-31 09:59:33,2024-09-01 06:15:28,,279,奔驰GLC(进口)>2019款 SLC 260 2.0T 手自一体 瑾瑜典藏版,,,
511,527,粤B90XK8,,,,W1NFD6BB0MA295142,,,,,2024-08-31 09:59:33,2024-09-01 06:15:28,,278,奔驰GLE AMG>2020款 GLE 53 AMG Coupe 4MATIC+ 48V 3.0T 手自一体,26572km,,
512,528,粤B212M9,,,,JF1ZN12A4H9028837,,,,,2024-08-31 09:59:33,2024-09-01 06:15:28,,277,丰田86>2017款 2.0 手动 豪华型,55975km,,
513,530,粤B004H3,,,,W1K7X5JB4LA032946,,,,,2024-08-31 09:59:33,2024-09-01 06:15:28,,196,奔驰迈巴赫S级,,,
514,531,粤BBV0930,,,,L6T79T2E5PP037689,,,,,2024-08-31 09:59:33,2024-09-01 06:15:28,,26,,,,
515,532,粤GXA451,,,,WAUACC8P7DA050504,,,,,2024-08-31 09:59:33,2024-09-01 06:15:28,,276,奥迪A3(进口)>2013款 A3 Sportback 1.8TFSI 双离合 35TFSI 尊贵型,,,
516,534,粤QAH011,,,,LE4AG4CB8NL120956,,,,,2024-08-31 09:59:33,2024-09-01 06:15:28,,274,奔驰C级>2022款 C 260 L 48V 1.5T 手自一体(改款),19695km,,
517,535,粤BN57P9,,,,WAUUCC8V9EA158961,,,,,2024-08-31 09:59:33,2024-09-01 06:15:28,,273,奥迪A3(进口)>2014款 A3 Sportback 1.8TFSI 双离合 40TFSI S-line 舒适型,,,
518,536,粤B126R8,,,,JTNHS3DH1N8083781,,,,,2024-08-31 09:59:33,2024-09-01 06:15:28,,47,丰田威尔法,,,
519,537,粤B91VN8,,,,LBV61AF04MS036141,,,,,2024-08-31 09:59:33,2024-09-01 06:15:28,,271,宝马5系>2021款 530Li 2.0T 手自一体 领先型 豪华套装,,,
520,538,B946998,,,,LE4ZG8AB1PL946998,,,,,2024-08-31 09:59:33,2024-09-01 06:15:28,,270,奔驰E级>2023款 E 260 L 2.0T 手自一体 运动型,,,
521,539,粤Z556C港,,,,SCBEB53W9EC093641,,,,,2024-08-31 09:59:33,2024-09-01 06:15:28,,269,宾利>2013款 飞驰 W12 6.0T 手自一体 豪华版,,,
522,540,粤BU288A,,,,WDCYC7CF3GX248077,,,,,2024-08-31 09:59:33,2024-09-01 06:15:28,,134,奔驰G级AMG>2016款 G 63 AMG 5.5T 手自一体,,,
523,542,粤BW9502,,,,WP0CA2981NS209032,,,,,2024-08-31 09:59:33,2024-09-01 06:15:28,,268,保时捷718>2019款 718 博克斯特 T 2.0T 双离合,,,
524,544,粤BM984K,,,,WAU9GD8T4CA056527,,,,,2024-08-31 09:59:33,2024-09-01 06:15:28,,168,奥迪S5>2012款 S5 Sportback 3.0TFSI 双离合,104742km,,
525,545,粤B943TY,,,,WP0BJ2972PL144983,,,,,2024-08-31 09:59:33,2024-09-01 06:15:28,,266,保时捷>2023款 帕纳美拉 Executive 2.9T 双离合,,,
526,546,粤B813MD,,,,LBV5R1400NM271374,,,,,2024-08-31 09:59:33,2024-09-01 06:15:28,,265,宝马3系>2022款 330i 2.0T 手自一体 M运动曜夜套装,,,
527,547,粤B3C5U3,,,,LVGEN56A3FG015948,,,,,2024-08-31 09:59:33,2024-09-01 06:15:28,,264,丰田>2015款 2.0T 手自一体 四驱豪华版7座,,,
528,548,粤B85AU2,,,,LFV3B28R0H3078819,,,,,2024-08-31 09:59:33,2024-09-01 06:15:28,,245,奥迪Q5>2017款 2.0TFSI 手自一体 40TFSI 进取型,62044km,,
529,549,粤BT0915,,,绿色,WUAAREF57KA908052,,,,,2024-08-31 09:59:33,2024-09-01 06:15:28,,262,奥迪RS 5>2019款 RS5 Sportback 2.9T 手自一体,19459km,,
530,550,粤TT739E,,,,LBV61AF05NS408345,,,,,2024-08-31 09:59:33,2024-09-01 06:15:28,,261,宝马5系>2022款 530Li 2.0T 手自一体 领先型 豪华套装(改款),,,
531,551,粤B91WH7,,,,LFV3B2CD9N5267304,,,,,2024-08-31 09:59:33,2024-09-01 06:15:28,,260,大众>2021款 高尔夫GTI 2.0TSI 双离合,,,
532,552,粤B195DB,,,白色,LE4AG4CB2PL213751,,,,,2024-08-31 09:59:33,2024-09-01 06:15:28,,259,奔驰C级>2023款 C 260 L 48V 1.5T 手自一体,,,
533,553,粤B33GW2,,,,LBV41BE08LMX12267,,,,,2024-08-31 09:59:33,2024-09-01 06:15:28,,190,宝马3系>2020款 320Li 2.0T 手自一体 M运动套装,,,
534,554,粤B40ZZ4,,,,WBAHF5101NWX87717,,,,,2024-08-31 09:59:33,2024-09-01 06:15:28,,258,宝马Z4>2022款 Z4 M40i 3.0T 手自一体 M运动性能版(改款),,,
535,555,粤BX2102,,,,WBA51BH03PCL53874,,,,,2024-08-31 09:59:33,2024-09-01 06:15:28,,64,宝马5系(进口)>2022款 530i 2.0T 手自一体 M运动套装(改款二),5060km,,
536,556,粤BG93757,,,,LC0DD4C40P0211081,,,,,2024-08-31 09:59:33,2024-09-01 06:15:28,,257,腾势D9>2022款 腾势D9 DM-i 1.5T 无级 970 四驱尊荣型,,,
537,557,粤B5H57L,,,,,,,,,2024-08-31 09:59:33,2024-09-01 06:15:28,,124,丰田埃尔法,101139km,,
538,558,粤Z8787港,,,,,,,,,2024-08-31 09:59:33,2024-09-01 06:15:28,,256,丰田威尔法,313357km,,
539,559,粤B1R1L8,,,,WP0BA2970JL155715,,,,,2024-08-31 09:59:33,2024-09-01 06:15:28,,255,保时捷>2017款 帕纳美拉 Executive 3.0T 双离合,,,
540,560,粤BR639W,,,,LBV6P0103MM027855,,,,,2024-08-31 09:59:33,2024-09-01 06:15:28,,113,宝马3系>2021款 330Li xDrive 2.0T 手自一体 M运动曜夜套装,23921km,,
541,561,粤BF52537,,,,LBV5S9104GSF96943,,,,,2024-08-31 09:59:33,2024-09-01 06:15:28,,254,宝马5系新能源>2017款 530Le 2.0T 手自一体,95497km,,
542,562,粤BE871J,,,,LBVHY5101LMW07719,,,,,2024-08-31 09:59:33,2024-09-01 06:15:28,,253,宝马X1>2020款 X1 sDrive25Li 2.0T 双离合 领先型,,,
543,563,买货寄走,,,,,,,,,2024-08-31 09:59:33,2024-09-01 06:15:28,,26,蔚来蔚来ET5,,,
544,564,粤B755R5,,,,LBVKY1108KSS68532,,,,,2024-08-31 09:59:33,2024-09-01 06:15:28,,252,宝马5系>2019款 525Li 2.0T 手自一体 豪华套装,,,
545,565,BT2C15,,,,LW433B125P1056436,,,,,2024-08-31 09:59:33,2024-09-01 06:15:28,,252,理想汽车>2022款 Max版,,,
546,567,粤BP0V00,,,,LHGRC4887N8016467,,,,,2024-08-31 09:59:33,2024-09-01 06:15:28,,251,本田>2022款 奥德赛混动 2.0 无级 锐·至尊版,,,
547,568,粤B62A1S,,,,W1NYC7GJ1NX413568,,,,,2024-08-31 09:59:33,2024-09-01 06:15:28,,250,奔驰G级AMG>2022款 G 63 AMG 4.0T 手自一体,5650km,,
548,569,粤BAC4367,,,,LRW3E7FA2LC142034,,,,,2024-08-31 09:59:33,2024-09-01 06:15:28,,119,特斯拉>2020款 长续航后轮驱动版(改款),,,
549,570,粤B9S6P9,,,黑色,WAUYGB4H6FN027061,,,,,2024-08-31 09:59:33,2024-09-01 06:15:28,,126,奥迪A8>2014款 A8L 3.0TFSI 手自一体 45TFSI Quattro 舒适型,,,
550,571,粤BBD3080,,,,L6T79P2N1NP072895,,,,,2024-08-31 09:59:33,2024-09-01 06:15:28,,249,极氪汽车>2021款 超长续航单电机 WE版,,,
551,572,BT0C07,,,,LW433B128P1056270,,,,,2024-08-31 09:59:33,2024-09-01 06:15:28,,248,理想汽车>2022款 Max版,,,
552,573,粤BBX018,,,,WBA51BJ07NWX55094,,,,,2024-08-31 09:59:33,2024-09-01 06:15:28,,113,宝马5系(进口)>2022款 540i 3.0T 手自一体 风尚版 M运动套装,21194km,,
553,574,粤B6P128,,,,WBA51BJ07NCK26701,,,,,2024-08-31 09:59:33,2024-09-01 06:15:28,,247,宝马5系(进口)>2022款 540i 3.0T 手自一体 风尚版 M运动套装,,,
554,575,粤B525SS,,,,LFV3B28R4A3027085,,,,,2024-08-31 09:59:33,2024-09-01 06:15:28,,246,奥迪Q5>2011款 2.0TFSI 手自一体 进取型,72686km,,
555,576,粤BA4L93,,,,WP0BJ2971PL144375,,,,,2024-08-31 09:59:33,2024-09-01 06:15:28,,245,保时捷>2023款 帕纳美拉 Executive 2.9T 双离合,,,
556,577,B373201,,,,LRWYGCFS4NC373201,,,,,2024-08-31 09:59:33,2024-09-01 06:15:28,,244,特斯拉>2022款 后轮驱动版,,,
557,578,粤B520LP,,,,WBA21BP07MCF44877,,,,,2024-08-31 09:59:33,2024-09-01 06:15:28,,243,宝马6系>2021款 GT 630i 2.0T 手自一体 豪华设计套装,,,
558,579,粤BDP2275,,,,,,,,,2024-08-31 09:59:33,2024-09-01 06:15:28,,242,,,,
559,580,粤B2Z0P9,,,,LBV2W7100LMW49354,,,,,2024-08-31 09:59:33,2024-09-01 06:15:28,,241,宝马1系>2020款 125i 2.0T 双离合 领先型M运动套装,,,
560,581,Z6096,,,,LW433B122P1053252,,,,,2024-08-31 09:59:33,2024-09-01 06:15:28,,104,理想汽车>2022款 Max版,,,
561,582,A6L73,,,,JTHB71B11P2206747,,,,,2024-08-31 09:59:33,2024-09-01 06:15:28,,126,雷克萨斯>2022款 ES300h 2.5 无级 尊享版,,,
562,583,粤BA970C,,,,WBA51BJ05MCG78230,,,,,2024-08-31 09:59:33,2024-09-01 06:15:28,,240,宝马5系(进口)>2021款 540i 3.0T 手自一体 风尚版 M运动套装,18913km,,
563,584,粤B0D01A,,,,SJAAE34V6JC016976,,,,,2024-08-31 09:59:33,2024-09-01 06:15:28,,26,宾利>2016款 6.0T 手自一体 标准版,34431km,,
564,585,粤BAU876,,,,,,,,,2024-08-31 09:59:33,2024-09-01 06:15:28,,160,雷克萨斯雷克萨斯ES,,,
565,586,粤BA66637,,,,LRW3E7EAXLC044922,,,,,2024-08-31 09:59:33,2024-09-01 06:15:28,,176,特斯拉>2019款 标准续航后驱升级版,26015km,,
566,587,粤B343CW,,,,W1K3F5BB0MV079272,,,,,2024-08-31 09:59:33,2024-09-01 06:15:28,,238,奔驰A级AMG(进口)>2020款 A 35 AMG 4MATIC 2.0T 双离合,,,
567,588,粤B8L3P8,,,,LE4HG3EB2GL207096,,,,,2024-08-31 09:59:33,2024-09-01 06:15:28,,237,奔驰E级>2015款 E 200 L 2.0T 手自一体 运动型(改款),94708km,,
568,589,粤B766SR,,,,4JGFF5KE5MA551714,,,,,2024-08-31 09:59:33,2024-09-01 06:15:28,,236,,,,
569,591,粤B313W6,,,,WBA11P05NCJ73979,,,,,2024-08-31 09:59:33,2024-09-01 06:15:28,,104,宝马宝马4系,,,
570,592,粤LA4C86,,,,JF1ZD23A0P9007568,,,,,2024-08-31 09:59:33,2024-09-01 06:15:28,,234,斯巴鲁BRZ>2023款 2.4 手动 10周年纪念版,,,
571,593,粤BAJ538,,,,LB1WG2E11H8023723,,,,,2024-08-31 09:59:33,2024-09-01 06:15:28,,167,奔驰V级>2017款 V 260 2.0T 手自一体 领航版,89754km,,
572,594,粤B722BV,,,,WDDBF5CB8JJ751835,,,,,2024-08-31 09:59:33,2024-09-01 06:15:28,,124,奔驰A级AMG(进口)>2018款 A 45 AMG 4MATIC 2.0T 双离合 臻藏版,,,
573,595,粤BB87706,,,,LJ1EFAUU7NG087896,,,,,2024-08-31 09:59:33,2024-09-01 06:15:28,,232,蔚来ET7>2021款 70kWh,,,
574,596,粤BJ317W,,,黑色,JE3AE76V9AU300237,,,,,2024-08-31 09:59:33,2024-09-01 06:15:28,,73,三菱>2008款 2.0T 双离合 Evolution X BBS版,,,
575,597,粤B122F港,,,,WUAZZZ4G6GN903875,,,,,2024-08-31 09:59:33,2024-09-01 06:15:28,,231,奥迪奥迪RS 7,100281km,,
576,598,粤B325M5,,,白色,TRURFB8J1A1006115,,,,,2024-08-31 09:59:33,2024-09-01 06:15:28,,134,,66184km,,
577,599,买货寄走,,,黑色,,,,,,2024-08-31 09:59:33,2024-09-01 06:15:28,,129,蔚来蔚来ET7,,,
578,600,粤BB93671,,,,LRWYGCFS6NC582942,,,,,2024-08-31 09:59:33,2024-09-01 06:15:28,,39,特斯拉>2022款 后轮驱动版,,,
579,601,粤BJ7266,,,,LVYPD10D3LP163757,,,,,2024-08-31 09:59:33,2024-09-01 06:15:28,,22,沃尔沃S90>2020款 2.0T 手自一体 T5 智逸豪华版,,,
580,602,粤BPIV88,,,,WP0AJ2971KL105242,,,,,2024-08-31 09:59:33,2024-09-01 06:15:28,,215,保时捷>2019款 2.9T 双离合,,,
581,603,J5V25,,,,WDDUX6HB3GA247237,,,,,2024-08-31 09:59:33,2024-09-01 06:15:28,,52,奔驰>2016款 S 400 4MATIC 3.0T 手自一体,,,
582,604,330NS,,,,W1K6G5GB4PA197243,,,,,2024-08-31 09:59:33,2024-09-01 06:15:28,,104,奔驰S级>2022款 S 450 L 4MATIC 48V 2.5T 手自一体,,,
583,605,U2X78,,,黑色,W1K6G5HB5PA173998,,,,,2024-08-31 09:59:33,2024-09-01 06:15:28,,117,奔驰>2023款 S 400 L 48V 2.5T 手自一体 商务型,,,
584,606,粤B466NQ,,,,WMWSX3104ET382816,,,,,2024-08-31 09:59:33,2024-09-01 06:15:28,,228,MINI COUPE>2012款 Cooper S Coupe 1.6T 手自一体,45331km,,
585,607,粤B3C13Y,,,,ZAMSS57E1F1155043,,,,,2024-08-31 09:59:33,2024-09-01 06:15:28,,227,玛莎拉蒂>2013款 3.0T 手自一体,,,
586,608,粤B6MB24,,,,JTHBG262082019414,,,,,2024-08-31 09:59:33,2024-09-01 06:15:28,,226,雷克萨斯IS>2008款 IS300 3.0 手自一体 豪华版,,,
587,609,粤B1S61Q,,,,W1NYC6AJXMX404353,,,,,2024-08-31 09:59:33,2024-09-01 06:15:28,,197,奔驰G级>2020款 G 500 4.0T 手自一体,,,
588,610,粤B1AG98,,,,1FDUF5HY0GEB55289,,,,,2024-08-31 09:59:33,2024-09-01 06:15:28,,126,,,,
589,611,粤BU103G,,,,LSVRB60R3FN010534,,,,,2024-08-31 09:59:33,2024-09-01 06:15:28,,225,大众>2016款 途安L 1.4TSI 双离合 280TSI 风尚版,,,
590,612,粤B37AH1,,,白色,LFV2B21K0C3259677,,,,,2024-08-31 09:59:33,2024-09-01 06:15:28,,224,大众>2012款 高尔夫6 1.4TSI 双离合 舒适版,77040km,,
591,614,粤B9E169,,,,,,,,,2024-08-31 09:59:33,2024-09-01 06:15:28,,222,宝马宝马X6,,,
592,615,粤B31NX7,,,,WBS81CH07MCG84843,,,,,2024-08-31 09:59:33,2024-09-01 06:15:28,,197,宝马宝马M5,33815km,,
593,617,粤B11R02,,,,JF1ZN23A1P9004689,,,,,2024-08-31 09:59:33,2024-09-01 06:15:28,,366,丰田86>2022款 GR 86 2.4 手动 GR,,,
594,619,粤B8P6E9,,,,LE43X5BB1ML171892,,,,,2024-08-31 09:59:33,2024-09-01 06:15:28,,219,奔驰A级AMG>2020款 A 35 L AMG 4MATIC 2.0T 双离合,,,
595,620,粤BG2R05,,,,LW433B126P1050273,,,,,2024-08-31 09:59:33,2024-09-01 06:15:28,,189,理想汽车>2022款 Max版,,,
596,621,粤BA81168,,,,LRW3E7EA0LC058523,,,,,2024-08-31 09:59:33,2024-09-01 06:15:28,,218,特斯拉>2020款 长续航后轮驱动版,,,
597,623,粤B6N61G,,,,WDDBF5CB1GJ477564,,,,,2024-08-31 09:59:33,2024-09-01 06:15:28,,197,奔驰A级AMG(进口)>2016款 A 45 AMG 4MATIC 2.0T 双离合,112692km,,
598,624,粤BE31H7,,,,LBV6P4101LMX01720,,,,,2024-08-31 09:59:33,2024-09-01 06:15:28,,64,宝马3系>2020款 325Li 2.0T 手自一体 首发版,51225km,,
599,625,粤B998B8,,,,SALMN1D43CA368105,,,,,2024-08-31 09:59:33,2024-09-01 06:15:28,,124,路虎>2010款 5.0 手自一体 V8 NA HSE,,,
600,626,粤BY502W,,,,,,,,,2024-08-31 09:59:33,2024-09-01 06:15:28,,126,雷克萨斯雷克萨斯LM,,,
601,627,粤BQ190G,,,,WDCYC7CF4JX285467,,,,,2024-08-31 09:59:33,2024-09-01 06:15:28,,211,奔驰G级AMG>2018款 G 63 AMG 5.5T 手自一体 典藏版,118499km,,
602,628,粤BRH838,,,,,,,,,2024-08-31 09:59:33,2024-09-01 06:15:28,,167,日产天籁,,,
603,629,粤LE3U61,,,,WP0BA2993PS228074,,,,,2024-08-31 09:59:33,2024-09-01 06:15:28,,126,保时捷911>2023款 Targa 4 3.0T 双离合,,,
604,630,粤B5522L,,,,WBAZV4106DL937287,,,,,2024-08-31 09:59:33,2024-09-01 06:15:28,,215,宝马X5>2013款 X5 xDrive35i 3.0T 手自一体 领先型,,,
605,631,粤BE083Y,,,,WDD2J4JBXKA014584,,,,,2024-08-31 09:59:33,2024-09-01 06:15:28,,126,奔驰CLS级>2018款 CLS 300 2.0T 手自一体 动感型,56811km,,
606,632,粤B3627M,,,,LVHRE2854A5001945,,,,,2024-08-31 09:59:33,2024-09-01 06:15:28,,160,本田CR-V>2010款 2.0 自动 EXi 经典版,,,
607,633,粤BF699R,,,,LFV5A24G4H3049730,,,,,2024-08-31 09:59:33,2024-09-01 06:15:28,,213,奥迪A6L>2018款 A6L 2.5FSI 无级 30周年年型 30FSI 风尚型,112546km,,
608,634,粤B2S62P,,,,WDDUX6EB0JA415718,,,,,2024-08-31 09:59:33,2024-09-01 06:15:28,,212,奔驰>2018款 S 450 4MATIC 3.0T 手自一体,110822km,,
609,635,粤B162VV,,,,WDCYC7HJ3KX300944,,,,,2024-08-31 09:59:33,2024-09-01 06:15:28,,211,奔驰G级AMG>2019款 G 63 AMG 4.0T 手自一体,65474km,,
610,636,B临042587,,,,LW433B120P1042587,,,,,2024-08-31 09:59:33,2024-09-01 06:15:28,,210,,,,
611,637,粤ZF231港,,,,WDB4632762X301013,,,,,2024-08-31 09:59:33,2024-09-01 06:15:28,,100,,73989km,,
612,638,粤B896QH,,,,WBA51BJ05NCJ66515,,,,,2024-08-31 09:59:33,2024-09-01 06:15:28,,209,宝马5系(进口)>2022款 540i 3.0T 手自一体 风尚版 M运动套装,,,
613,639,L63507,,,,WBA51BJ01PCL63507,,,,,2024-08-31 09:59:33,2024-09-01 06:15:28,,208,宝马5系(进口)>2022款 540i 3.0T 手自一体 风尚版 M运动套装(改款二),,,
614,640,粤B123456,,,,,,,,,2024-08-31 09:59:33,2024-09-01 06:15:28,,207,,,,
615,641,粤B75RN6,,,,LE4WG7HB0ML904981,,,,,2024-08-31 09:59:33,2024-09-01 06:15:28,,160,奔驰C级>2021款 C 260 L 48V 1.5T 手自一体,34795km,,
616,643,粤BHH866,,,,,,,,,2024-08-31 09:59:33,2024-09-01 06:15:28,,26,保时捷Cayenne,,,
617,644,粤B11NZ5,,,,LBV5S3103GSN03789,,,,,2024-08-31 09:59:33,2024-09-01 06:15:28,,205,宝马5系>2014款 525Li 2.0T 手自一体 领先型,,,
618,645,粤B09ZU6,,,,LBV61AF00PS761837,,,,,2024-08-31 09:59:33,2024-09-01 06:15:28,,204,宝马5系>2022款 530Li 2.0T 手自一体 领先型 豪华套装(改款二),,,
619,646,粤BFQ7068,,,,L6T78F2Z4MY031752,,,,,2024-08-31 09:59:33,2024-09-01 06:15:28,,52,吉利汽车>2021款 嘉际 ePro 1.5TD 双离合 悠享型,,,
620,647,粤临009236,,,,WAUAGC4M8PD009236,,,,,2024-08-31 09:59:33,2024-09-01 06:15:28,,126,奥迪Q7>2023款 Q7 48V 3.0TFSI 手自一体 55TFSI Quattro S line运动型,,,
621,649,粤临201019,,,黑色,W1K6X6BB3PA201019,,,,,2024-08-31 09:59:33,2024-09-01 06:15:28,,68,奔驰>2023款 S 480 4MATIC 48V 3.0T 手自一体,,,
622,650,粤B30S42,,,,SALGA2FVXHA380179,,,,,2024-08-31 09:59:33,2024-09-01 06:15:28,,196,路虎>2017款 3.0T 手自一体 V6 SC Vogue,,,
623,652,粤B8LC87,,,,LHGCV1643L8141641,,,,,2024-08-31 09:59:33,2024-09-01 06:15:28,,201,本田>2018款 第十代雅阁 1.5T 无级 230TURBO 舒适版,26622km,,
624,653,粤快递,,,,,,,,,2024-08-31 09:59:33,2024-09-01 06:15:28,,200,,,,
625,654,粤BAF720,,,,WBACW210XN9L42982,,,,,2024-08-31 09:59:33,2024-09-01 06:15:28,,199,宝马X7>2022款 X7 xDrive40i 3.0T 手自一体 领先型豪华套装,,,
626,655,粤B3332U,,,,WDDUG6EB4JA417617,,,,,2024-08-31 09:59:33,2024-09-01 06:15:28,,198,奔驰S级>2018款 S 450 L 4MATIC 3.0T 手自一体,27775km,,
627,656,粤B临F0X03,,,白色,LMGMB1S85P1011854,,,,,2024-08-31 09:59:33,2024-09-01 06:15:28,,197,,786km,,
628,657,粤B3673E,,,,W1K6X6BB3PA201019,,,,,2024-08-31 09:59:33,2024-09-01 06:15:28,,196,奔驰>2023款 S 480 4MATIC 48V 3.0T 手自一体,,,
629,658,粤0000,,,,,,,,,2024-08-31 09:59:33,2024-09-01 06:15:28,,126,,,,
630,659,粤TE148B,,,白色,JTNGZ3DH6K8053484,,,,,2024-08-31 09:59:33,2024-09-01 06:15:28,,26,丰田>2018款 3.5 手自一体 豪华版(改款),,,
631,660,粤11111,,,,,,,,,2024-08-31 09:59:33,2024-09-01 06:15:28,,190,,,,
632,661,粤22222,,,,,,,,,2024-08-31 09:59:33,2024-09-01 06:15:28,,160,,,,
633,662,粤B2M27M,,,,WP1AA2955HLB18971,,,,,2024-08-31 09:59:33,2024-09-01 06:15:28,,193,保时捷>2017款 2.0T 双离合(改款),72137km,,
634,663,粤临006466,,,,JF1ZD23A9P9006466,,,,,2024-08-31 09:59:33,2024-09-01 06:15:28,,125,斯巴鲁BRZ>2023款 2.4 手动 10周年纪念版,,,
635,664,粤QJC279,,,,LBEMDAFB3FZ747436,,,,,2024-08-31 09:59:33,2024-09-01 06:15:28,,160,现代>2015款 伊兰特 朗动 1.6 手自一体 GS 时尚型,,,
636,665,粤临E8X33,,,,LRWYGCEK0PC822622,,,,,2024-08-31 09:59:33,2024-09-01 06:15:28,,191,特斯拉>2022款 长续航全轮驱动版,,,
637,666,粤L609H6,,,,LGBW1PE02JR064829,,,,,2024-08-31 09:59:33,2024-09-01 06:15:28,,190,英菲尼迪Q50L>2018款 Q50L 2.0T 手自一体 舒适版,52042km,,
638,667,BF728W,,,,LBVKZ3100JSF99776,,,,,2024-08-31 09:59:33,2024-09-01 06:15:28,,189,宝马5系>2018款 540Li 3.0T 手自一体 行政版,,,
639,669,粤BRA911,,,,WBA51BJ05MWX30760,,,,,2024-08-31 09:59:33,2024-09-01 06:15:28,,187,宝马5系(进口)>2021款 540i 3.0T 手自一体 风尚版 M运动套装,14442km,,
640,670,粤B8R27Y,,,,LE4ZF4JB9HL056844,,,,,2024-08-31 09:59:33,2024-09-01 06:15:28,,186,奔驰E级>2017款 E 300 2.0T 手自一体 运动型,,,
641,671,B2D65,,,黄色,ZPBEB4ZL0PLA22862,,,,,2024-08-31 09:59:33,2024-09-01 06:15:28,,55,兰博基尼Urus,2630km,,
642,672,粤B1M286,,,黑色,WBAKR0104G0M76112,,,,,2024-08-31 09:59:33,2024-09-01 06:15:28,,185,宝马X5>2014款 X5 xDrive35i 3.0T 手自一体 豪华型,45174km,,
643,673,粤B03875,,,红色,W1NFD5HB4MA310422,,,,,2024-08-31 09:59:33,2024-09-01 06:15:28,,126,奔驰GLE>2020款 GLE 450 Coupe 4MATIC 48V 2.5T 手自一体 时尚型,,,
644,674,粤B95C68,,,白色,WP1AA29Y2PDA08611,,,,,2024-08-31 09:59:33,2024-09-01 06:15:28,,93,保时捷>2023款 3.0T 手自一体,848km,,
645,675,粤BGB2620,,,,LW433B128P1034527,,,,,2024-08-31 09:59:33,2024-09-01 06:15:28,,184,理想汽车>2022款 Max版,,,
646,676,粤BDC6388,,,白色,5YJXCCE28HF070828,,,,,2024-08-31 09:59:33,2024-09-01 06:15:28,,100,特斯拉>2017款 Model X 100D Model X 100D,,,
647,677,粤B6N18H,,,,SCBEN53W9JC068384,,,,,2024-08-31 09:59:33,2024-09-01 06:15:28,,26,宾利>2017款 飞驰 V8 S 4.0T 手自一体 标准版,,,
648,679,粤B616UA,,,,WP1AG2925HLA01766,,,,,2024-08-31 09:59:33,2024-09-01 06:15:28,,182,保时捷>2016款 3.0T 手自一体,163346km,,
649,680,粤B9W89A,,,,5UXKR0C36H0V76156,,,,,2024-08-31 09:59:33,2024-09-01 06:15:28,,181,,,,
650,681,粤B99KC0,,,,WP1AA29YXLDA06180,,,,,2024-08-31 09:59:33,2024-09-01 06:15:28,,180,保时捷>2019款 3.0T 手自一体,,,
651,682,粤B12345,,,,,,,,,2024-08-31 09:59:33,2024-09-01 06:15:28,,179,,,,
652,683,粤B206104,,,白色,WP0AA2993PS206104,,,,,2024-08-31 09:59:33,2024-09-01 06:15:28,,126,保时捷>2023款 Carrera 3.0T 双离合,,,
653,684,粤BFL7048,,,白色,WP0AE297XML128168,,,,,2024-08-31 09:59:33,2024-09-01 06:15:28,,178,保时捷>2021款 帕纳美拉 4 E-Hybrid 2.9T 双离合,7991km,,
654,685,粤BB399V,,,灰色,WBA3A5100EF975752,,,,,2024-08-31 09:59:33,2024-09-01 06:15:28,,177,宝马3系(进口)>2013款 328i 2.0T 手自一体 运动型设计套装,,,
655,686,粤B2C013,,,,WDDBF5CB2HJ515174,,,,,2024-08-31 09:59:33,2024-09-01 06:15:28,,176,奔驰A级AMG(进口)>2017款 A 45 AMG 4MATIC 2.0T 双离合,,,
656,687,粤BAS100,,,,WBS3R9105FK320474,,,,,2024-08-31 09:59:33,2024-09-01 06:15:28,,175,宝马M4>2014款 M4 双门轿跑车 3.0T 双离合,,,
657,688,粤BV330J,,,,WP0AB2993LS226098,,,,,2024-08-31 09:59:33,2024-09-01 06:15:28,,174,保时捷911>2019款 Carrera 4S 3.0T 双离合,,,
658,689,粤B9183C,,,白色,JF1ZN23A6P9004798,,,,,2024-08-31 09:59:33,2024-09-01 06:15:28,,115,丰田86>2022款 GR 86 2.4 手动 GR,,,
659,690,粤B11111,,,,,,,,,2024-08-31 09:59:33,2024-09-01 06:15:28,,173,,,,
660,691,粤B004164,,,,JTJPBACX7N4004164,,,,,2024-08-31 09:59:33,2024-09-01 06:15:28,,133,雷克萨斯>2022款 LX600 3.5T 手自一体 F SPORT 运动,,,
661,692,粤B55TJ1,,,,JF1ZD23A6N9003795,,,,,2024-08-31 09:59:33,2024-09-01 06:15:28,,172,斯巴鲁BRZ>2022款 2.4 手自一体 EyeSight,,,
662,694,粤B5NJ26,,,,LVHFC1688G6015253,,,,,2024-08-31 09:59:33,2024-09-01 06:15:28,,95,本田>2016款 1.5T 无级 220TURBO 尊耀版,108304km,,
663,695,粤B917SJ,,,,W1N0G6EB1NG025196,,,,,2024-08-31 09:59:33,2024-09-01 06:15:28,,170,奔驰GLC AMG>2022款 GLC 43 AMG 4MATIC 3.0T 手自一体,,,
664,696,粤BAB1732,,,,LRW3E7FA3MC205188,,,,,2024-08-31 09:59:33,2024-09-01 06:15:28,,169,特斯拉>2020款 长续航后轮驱动版(改款),,,
665,697,粤B41S53,,,,SALGA2FV8HA337444,,,,,2024-08-31 09:59:33,2024-09-01 06:15:28,,168,路虎>2017款 3.0T 手自一体 V6 SC Vogue,274265km,,
666,698,粤BFQ6161,,,,LW433B114M1061856,,,,,2024-08-31 09:59:33,2024-09-01 06:15:28,,101,理想汽车>2021款 1.2T 增程6座版,,,
667,699,粤B86M58,,,黑色,WVGSW6CR2KD027695,,,,,2024-08-31 09:59:33,2024-09-01 06:15:28,,167,大众>2019款 3.0TSI 手自一体 锐锋版,56945km,,
668,700,粤BB05971,,,黑色,LRW3E7ELXPC739666,,,,,2024-08-31 09:59:33,2024-09-01 06:15:28,,93,特斯拉Model 3,,,
669,701,粤B51K06,,,黑色,LE40B4GB4KL370520,,,,,2024-08-31 09:59:33,2024-09-01 06:15:28,,166,奔驰GLC>2019款 GLC 260 L 4MATIC 2.0T 手自一体 动感型,104125km,,
670,702,粤B66SH0,,,,WAUAFEF54MA045717,,,,,2024-08-31 09:59:33,2024-09-01 06:15:28,,165,奥迪A5>2021款 A5 Sportback 2.0TFSI 双离合 40TFSI Quattro 豪华智雅型,,,
671,703,粤BAH157,,,,WMWYS3107K3F91720,,,,,2024-08-31 09:59:33,2024-09-01 06:15:28,,164,MINI COUNTRYMAN>2018款 Cooper Countryman 1.5T 手自一体 经典派,50572km,,
672,704,粤B9C284,,,,LFMKN5BF5N3303822,,,,,2024-08-31 09:59:33,2024-09-01 06:15:28,,159,丰田>2022款 RAV4荣放 2.0 无级 两驱都市版,,,
673,705,粤GT8448,,,,LVGBL87E5FG023299,,,,,2024-08-31 09:59:33,2024-09-01 06:15:28,,162,丰田>2016款 1.8 无级 GS 精英版,,,
674,706,粤B1234,,,,,,,,,2024-08-31 09:59:33,2024-09-01 06:15:28,,160,,,,
675,707,渝DJB706,,,,LSGDR53L6LH183859,,,,,2024-08-31 09:59:33,2024-09-01 06:15:28,,160,凯迪拉克CT4>2020款 2.0T 手自一体 28T 时尚型,,,
676,708,粤B3F55F,,,,LE4ZG4JB2HL066693,,,,,2024-08-31 09:59:33,2024-09-01 06:15:28,,159,奔驰E级>2017款 E 300 L 2.0T 手自一体 运动豪华型,,,
677,709,粤BJ283U,,,,WBAKS4104E0H46046,,,,,2024-08-31 09:59:33,2024-09-01 06:15:28,,158,宝马X5>2014款 X5 xDrive30d 3.0T 手自一体,175865km,,
678,710,粤B33ST7,,,,LE4AG4CB2NL060639,,,,,2024-08-31 09:59:33,2024-09-01 06:15:28,,113,奔驰C级>2022款 C 260 L 48V 1.5T 手自一体(改款),13683km,,
679,711,粤B995A7,,,,WBSTS010XM9H48614,,,,,2024-08-31 09:59:33,2024-09-01 06:15:28,,156,宝马X3 M>2019款 X3 M 3.0T 手自一体 雷霆版,34385km,,
680,712,浙BEU108,,,,LSGKR53LXKA065344,,,,,2024-08-31 09:59:33,2024-09-01 06:15:28,,155,凯迪拉克CT6>2019款 2.0T 手自一体 28T 时尚型,,,
681,713,粤B77UK7,,,,WBA7T4109LCE03490,,,,,2024-08-31 09:59:33,2024-09-01 06:15:28,,154,宝马7系>2019款 740Li xDrive 3.0T 手自一体 行政型 M运动套装,98433km,,
682,714,粤B6T346,,,,JT153JSG000195950,,,,,2024-08-31 09:59:33,2024-09-01 06:15:28,,153,,372460km,,
683,715,粤BW2939,,,,LJ166A33XJ7010737,,,,,2024-08-31 09:59:33,2024-09-01 06:15:28,,50,江淮>2018款 瑞风M4 2.0 手动 速运版,,,
684,716,粤B23S23,,,,LFMBEC4D3D0210619,,,,,2024-08-31 09:59:33,2024-09-01 06:15:28,,152,丰田>2012款 2.5V 手自一体 风度菁英炫装版,156349km,,
685,717,粤B766Y2,,,,JTHHY5AYXJA001549,,,,,2024-08-31 09:59:33,2024-09-01 06:15:28,,151,雷克萨斯LC>2018款 LC500h 3.5 无级/自动,61976km,,
686,718,粤Z034L港,,,白色,,,,,,2024-08-31 09:59:33,2024-09-01 06:15:28,,134,丰田威尔法,,,
687,719,粤B3767P,,,,JF1ZD23A1N9003641,,,,,2024-08-31 09:59:33,2024-09-01 06:15:28,,150,斯巴鲁BRZ>2022款 2.4 手自一体 EyeSight,12359km,,
688,720,粤BQ6T80,,,,WBASN2103BC902273,,,,,2024-08-31 09:59:33,2024-09-01 06:15:28,,149,宝马5系GT>2010款 GT 535i 3.0T 手自一体 领先型,,,
689,721,粤B22QK0,,,,WAU9GD8T8EA074354,,,,,2024-08-31 09:59:33,2024-09-01 06:15:28,,148,奥迪S5>2012款 S5 Sportback 3.0TFSI 双离合,,,
690,722,粤B99KF7,,,,WBA61AV0XNFM10697,,,,,2024-08-31 09:59:33,2024-09-01 06:15:28,,147,宝马4系>2022款 430i 四门轿跑车 2.0T 手自一体 M运动曜夜套装,,,
691,723,粤BDD823,,,,WAUAGCF47KA080032,,,,,2024-08-31 09:59:33,2024-09-01 06:15:28,,146,奥迪A4(进口)>2018款 S4 Limousine 3.0TFSI 手自一体,,,
692,724,粤BL6B80,,,,LC0C34CG2K1021116,,,,,2024-08-31 09:59:33,2024-09-01 06:15:28,,145,比亚迪M6>2013款 2.4 手自一体 尊贵型,,,
693,725,粤BR84G7,,,,WBAPG5104AA841026,,,,,2024-08-31 09:59:33,2024-09-01 06:15:28,,144,宝马3系(进口)>2010款 320i 2.0 手自一体 豪华型,144271km,,
694,726,粤B0S7L1,,,,WP1AG2927ELA11825,,,,,2024-08-31 09:59:33,2024-09-01 06:15:28,,143,保时捷>2014款 卡宴 Platinum Edition 3.0T 手自一体,116860km,,
695,727,粤B27CW2,,,,WBA7T2102MCG24810,,,,,2024-08-31 09:59:33,2024-09-01 06:15:28,,115,宝马7系>2021款 740Li 3.0T 手自一体 领先型 M运动套装,,,
696,728,粤BR07H1,,,,W1N0J6EB8LF854397,,,,,2024-08-31 09:59:33,2024-09-01 06:15:28,,142,奔驰GLC AMG>2020款 GLC 43 AMG Coupe 4MATIC 3.0T 手自一体,,,
697,730,粤BAJ3673,,,,LJ1EFAUU3NG511512,,,,,2024-08-31 09:59:33,2024-09-01 06:15:28,,55,蔚来ET7>2021款 70kWh,,,
698,731,粤B6M939,,,,WMW71DH03P2S67331,,,,,2024-08-31 09:59:33,2024-09-01 06:15:28,,139,MINI>2022款 Mini JCW 2.0T 手自一体 ALL-IN(改款),,,
699,732,粤BB50031,,,,LRWYGCFS4NC380925,,,,,2024-08-31 09:59:33,2024-09-01 06:15:28,,138,特斯拉>2022款 后轮驱动版,,,
700,733,粤BBF2387,,,白色,,,,,,2024-08-31 09:59:33,2024-09-01 06:15:28,,137,smart精灵#1>2022款 BRABUS 性能版,,,
701,734,粤B3AU30,,,,SALSN2F40DA786813,,,,,2024-08-31 09:59:33,2024-09-01 06:15:28,,83,路虎>2013款 3.0T 手自一体 TDV6 柴油版,126084km,,
702,735,粤BBC8230,,,,LJ1EFAUU5NG508773,,,,,2024-08-31 09:59:33,2024-09-01 06:15:28,,136,蔚来蔚来ET5,,,
703,736,粤BG88224,,,,LW433B121P1022509,,,,,2024-08-31 09:59:33,2024-09-01 06:15:28,,135,理想汽车>2022款 Max版,,,
704,737,粤B8W8A0,,,白色,LFV5A24G3E3019808,,,,,2024-08-31 09:59:33,2024-09-01 06:15:28,,134,奥迪A6L>2012款 A6L 2.5FSI 无级 30FSI 技术型,93302km,,
705,738,粤B临724XZ,,,黑色,LW433B125P1020651,,,,,2024-08-31 09:59:33,2024-09-01 06:15:28,,133,理想汽车>2022款 Max版,,,
706,739,粤BFR1598,,,,LW433B11XM1036444,,,,,2024-08-31 09:59:33,2024-09-01 06:15:28,,128,理想汽车>2021款 1.2T 增程6座版,,,
707,740,粤BAB4373,,,,L1NSPGH93MA077858,,,,,2024-08-31 09:59:33,2024-09-01 06:15:28,,132,小鹏汽车P5>2021款 460G,,,
708,741,粤B0D010,,,蓝色,WP1AA2954NLB20335,,,,,2024-08-31 09:59:33,2024-09-01 06:15:28,,115,保时捷>2022款 2.0T 双离合,4221km,,
709,742,粤B2W5R6,,,,WBA1A3105CJ166169,,,,,2024-08-31 09:59:33,2024-09-01 06:15:28,,131,宝马1系(进口)>2012款 118i 1.6T 手自一体 领先型,122688km,,
710,744,粤B买货寄走,,,黑色,,,,,,2024-08-31 09:59:33,2024-09-01 06:15:28,,129,蔚来蔚来ET7,,,
711,745,粤B5111S,,,,WDDUG5AB8LA502074,,,,,2024-08-31 09:59:33,2024-09-01 06:15:28,,128,奔驰S级>2020款 S 320 L 48V 2.0T 手自一体 臻藏版,,,
712,747,粤B883TA,,,白色,LFV3A28W3M3619526,,,,,2024-08-31 09:59:33,2024-09-01 06:15:28,,126,奥迪A4L>2020款 A4L 2.0TFSI 双离合 35TFSI 时尚动感型,,,
713,748,粤B422BS,,,白色,WDDWH6EB2KF855739,,,,,2024-08-31 09:59:33,2024-09-01 06:15:28,,126,奔驰C级AMG>2019款 C 43 AMG 4MATIC Tourer 3.0T 手自一体 特别版,,,
714,749,粤B98FX7,,,,LVHRR8846J5002769,,,,,2024-08-31 09:59:33,2024-09-01 06:15:28,,125,本田>2016款 2.4 无级 舒适版,,,
715,750,粤ZN571港,,,白色,GGH30000983900000,,,,,2024-08-31 09:59:33,2024-09-01 06:15:28,,124,丰田>2021款 威尔法 2.5 无级 皇冠 HV尊贵版,,,
716,751,粤B44WB8,,,,WBA51BH05NCH66265,,,,,2024-08-31 09:59:33,2024-09-01 06:15:28,,123,宝马5系(进口)>2022款 530i 2.0T 手自一体 M运动套装,35872km,,
717,752,粤BX557Q,,,蓝色,WP1AA29Y3LDA06456,,,,,2024-08-31 09:59:33,2024-09-01 06:15:28,,209,保时捷>2019款 3.0T 手自一体,,,
718,756,粤BFC0034,,,绿色,L6T77F2Z1ME062588,,,,,2024-08-31 09:59:33,2024-09-01 06:15:28,,119,领克01>2021款 领克01 PHEV 1.5TD 双离合 Halo,,,
719,760,粤B4357V,,,绿色,WAUAFEF50NA008164,,,,,2024-08-31 09:59:33,2024-09-01 06:15:28,,117,奥迪A5>2021款 A5 Sportback 2.0TFSI 双离合 40TFSI Quattro 豪华智雅型,,,
720,761,粤B2257G,,,,ZAMSP56EXE1074673,,,,,2024-08-31 09:59:33,2024-09-01 06:15:28,,116,玛莎拉蒂>2013款 3.0T 手自一体,,,52435km
721,762,粤B11Y10,,,,WMW71DH01N2S36673,,,,,2024-08-31 09:59:33,2024-09-01 06:15:28,,115,MINI>2022款 Mini JCW 2.0T 手自一体 ALL-IN(改款),,,
722,763,粤B3EH37,,,白色,LVHGS2876P6000980,,,,,2024-08-31 09:59:33,2024-09-01 06:15:28,,114,本田>2021款 1.5 无级 SPO-SS灵动版,,,
723,764,粤BAU182,,,灰色,WBAJS1106LBP97377,,,,,2024-08-31 09:59:33,2024-09-01 06:15:28,,113,宝马5系(进口)>2020款 540i 3.0T 手自一体 风尚版 M运动套装,,,
724,766,粤B9Y20W,,,,WMWYT1104H3D59327,,,,,2024-08-31 09:59:33,2024-09-01 06:15:28,,111,MINI COUNTRYMAN>2017款 Cooper S Countryman All 4 2.0T 手自一体,,,
725,767,粤B1111,,,,,,,,,2024-08-31 09:59:33,2024-09-01 06:15:28,,110,,,,
726,768,93514,,,,LE40B8EB6NL908505,,,,,2024-08-31 09:59:33,2024-09-01 06:15:28,,104,奔驰GLC>2022款 GLC 300 L 4MATIC 2.0T 手自一体 动感型(改款),,,
727,769,粤B609M2,,,,LE40B8EB6NL908505,,,,,2024-08-31 09:59:33,2024-09-01 06:15:28,,104,奔驰GLC>2022款 GLC 300 L 4MATIC 2.0T 手自一体 动感型(改款),,,
728,770,粤BBC9987,,,,LJ1E6A2U1NG076914,,,,,2024-08-31 09:59:33,2024-09-01 06:15:28,,55,蔚来ES6>2020款 430KM 性能版,,,
729,774,鲁R21542,,,,4JGFF5KEXMA408077,,,,,2024-08-31 09:59:33,2024-09-01 06:15:28,,104,奔驰>2020款 美规 3.0T 手自一体 美规版,,,
730,775,粤B6C552,,,,JTJPBACX6N4007815,,,,,2024-08-31 09:59:33,2024-09-01 06:15:28,,103,,,,
731,777,粤BG912C,,,,WMWSU9104DT780666,,,,,2024-08-31 09:59:33,2024-09-01 06:15:28,,101,MINI>2013款 Mini JCW 1.6T 手自一体,,,
732,778,粤B533SK,,,,WMW71DH03P2T49138,,,,,2024-08-31 09:59:33,2024-09-01 06:15:28,,100,MINI>2022款 Mini JCW 2.0T 手自一体 ALL-IN(改款),,,
733,779,粤B79QR9,,,,JTNHS3DH7L8033383,,,,,2024-08-31 09:59:33,2024-09-01 06:15:28,,99,丰田>2020款 威尔法 2.5 无级 HV 豪华版,,,
734,780,粤B5Y08L,,,,WP0AF2976HL151899,,,,,2024-08-31 09:59:33,2024-09-01 06:15:28,,15,保时捷>2017款 帕纳美拉 Turbo 4.0T 双离合,,,
735,782,粤BU319N,,,,WBACR6108KLJ29560,,,,,2024-08-31 09:59:33,2024-09-01 06:15:28,,96,宝马X5>2019款 X5 xDrive40i 3.0T 手自一体 M运动套装,,,
736,784,粤B248TC,,,,WP1AF2958GLB93597,,,,,2024-08-31 09:59:33,2024-09-01 06:15:28,,95,保时捷>2017款 Macan Turbo 3.6T 双离合(改款),,,
737,786,粤BK69Y9,,,,ZFF92LME6N0278290,,,,,2024-08-31 09:59:33,2024-09-01 06:15:28,,93,法拉利F8>2019款 F8 Tributo 3.9T 双离合 V8,,,
738,788,粤BZ966S,,,银色,WP0AA2983KS260132,,,,,2024-08-31 09:59:33,2024-09-01 06:15:28,,67,保时捷718>2018款 718 卡曼 2.0T 双离合,,,
739,790,粤BC666S,,,,WD1BA29Y2LDA65213,,,,,2024-08-31 09:59:33,2024-09-01 06:15:28,,67,保时捷>2022款 卡宴 S Coupe 2.9T 手自一体 铂金版,77965km,,
740,792,粤BM4,,,,,,,,,2024-08-31 09:59:33,2024-09-01 06:15:28,,90,,,,
741,793,粤BZ138Z,,,,WBA51BJ07MCG70520,,,,,2024-08-31 09:59:33,2024-09-01 06:15:28,,89,宝马5系(进口)>2021款 540i 3.0T 手自一体 风尚版 M运动套装,,,
742,794,粤B066SD,,,,W1NFB5HB7MA363265,,,,,2024-08-31 09:59:33,2024-09-01 06:15:28,,88,奔驰GLE>2021款 GLE 450 4MATIC 48V 2.5T 手自一体 动感型,,,
743,795,粤BG172A,,,,WP0AJ2972LL123069,,,,,2024-08-31 09:59:33,2024-09-01 06:15:28,,87,保时捷>2019款 2.9T 双离合,,,
744,797,粤Z07M7港,,,黑色,WDD2130892A240632,,,,,2024-08-31 09:59:33,2024-09-01 06:15:28,,85,奔驰E级AMG>2018款 E 63 S AMG 4MATIC+ 4.0T 手自一体 特别版,,,
745,798,粤BY150J,,,红色,WP0AF2997GS192094,,,,,2024-08-31 09:59:33,2024-09-01 06:15:28,,67,保时捷911>2015款 GT3 RS 4.0 双离合,,,
746,799,粤B554FQ,,,,WBA51BJ06MCH40704,,,,,2024-08-31 09:59:33,2024-09-01 06:15:28,,84,宝马5系(进口)>2021款 540i 3.0T 手自一体 风尚版 M运动套装,,,
747,800,冀A1532E临,,,,SJAAD14V7NC012660,,,,,2024-08-31 09:59:33,2024-09-01 06:15:28,,83,宾利>2021款 4.0T 手自一体 V8,,,
748,801,粤B临,,,,,,,,,2024-08-31 09:59:33,2024-09-01 06:15:28,,49,理想汽车>2022款 1.5T Max版,,,
749,805,粤B636VN,,,银色,WP0AB2993HS122198,,,,,2024-08-31 09:59:33,2024-09-01 06:15:28,,79,保时捷911>2016款 Carrera S 3.0T 双离合,,,
750,806,粤B4569V,,,,WBS81CH02NCJT5631,,,,,2024-08-31 09:59:33,2024-09-01 06:15:28,,78,宝马宝马M5,12325km,,
751,807,粤B73VW3,,,,,,,,,2024-08-31 09:59:33,2024-09-01 06:15:28,,77,奔驰奔驰G级,,,
752,811,粤B7V07A,,,,LFV5A24G6D3070766,,,,,2024-08-31 09:59:33,2024-09-01 06:15:28,,74,奥迪A6L>2012款 A6L 2.5FSI 无级 30FSI 舒适型,,,
753,812,粤BAH3422,,,,,,,,,2024-08-31 09:59:33,2024-09-01 06:15:28,,52,特斯拉>2020款 标准续航后驱升级版,,,
754,813,粤BAR077,,,,WDDWF8GB7GF264831,,,,,2024-08-31 09:59:33,2024-09-01 06:15:28,,22,奔驰C级AMG>2015款 C 63 AMG 4.0T 手自一体,,,
755,814,粤B55DY0,,,,WMWLN7107G2D93063,,,,,2024-08-31 09:59:33,2024-09-01 06:15:28,,52,MINI CLUBMAN>2016款 Cooper S Clubman 2.0T 手自一体,,,
756,815,粤B8Z44X,,,,JTNHS3DHXL8025889,,,,,2024-08-31 09:59:33,2024-09-01 06:15:28,,73,丰田>2019款 威尔法 2.5 无级 HV 豪华版,,,
757,816,粤B55KN1,,,,LFV6A24K8L3026694,,,,,2024-08-31 09:59:33,2024-09-01 06:15:28,,72,奥迪A6>2020款 A6L 48V 3.0TFSI 双离合 55TFSI quattro 尊享致雅型,47137km,,
758,817,粤BDD747,,,,JTNHS3DH2N8076869,,,,,2024-08-31 09:59:33,2024-09-01 06:15:28,,22,丰田>2021款 埃尔法 2.5 无级 豪华版,,,
759,818,粤B22ZJ0,,,,SALWA2BU0NA220820,,,,,2024-08-31 09:59:33,2024-09-01 06:15:28,,71,路虎>2022款 揽胜运动版 48V 3.0T 手自一体 L6 耀黑版,,,
760,819,粤B0P85G,,,,LE4ZG4JB5HL056899,,,,,2024-08-31 09:59:33,2024-09-01 06:15:28,,70,奔驰E级>2017款 E 300 L 2.0T 手自一体 运动豪华型,,,
761,821,粤B833GV,,,,WBS41AZ04NCH84966,,,,,2024-08-31 09:59:33,2024-09-01 06:15:28,,39,宝马1系M>2021款 M4 双门轿跑车 3.0T 手自一体 M xDrive 雷霆版,9159km,,
762,822,鲁R35838,,,,JTNHS3DH1N8083781,,,,,2024-08-31 09:59:33,2024-09-01 06:15:28,,55,丰田>2021款 埃尔法 2.5 无级 豪华版,,,
763,825,粤B030BZ,,,,WBSCY0105N9J45518,,,,,2024-08-31 09:59:33,2024-09-01 06:15:28,,67,宝马宝马X6 M,,,
764,826,粤BG88181,,,,LW433B127N1030501,,,,,2024-08-31 09:59:33,2024-09-01 06:15:28,,66,理想汽车>2022款 1.5T Max版,,,
765,828,粤B77VM8,,,,LBV6R4105MM006782,,,,,2024-08-31 09:59:33,2024-09-01 06:15:28,,64,宝马3系>2021款 325Li 2.0T 手自一体 M运动套装(改款),,,
766,829,粤B11C0R,,,,LBV5U5404NM403932,,,,,2024-08-31 09:59:33,2024-09-01 06:15:28,,63,宝马3系>2022款 325i 2.0T 手自一体 M运动套装(改款),,,
767,830,粤B7Z132,,,白色,SALGA3FV4HA351363,,,,,2024-08-31 09:59:33,2024-09-01 06:15:28,,62,路虎>2017款 3.0T 手自一体 V6 SC Vogue SE 创世加长版,120302km,2024-01-14 00:00:00,130302km
768,831,粤B726XE,,,,WBA51BJ0XPCL11311,,,,,2024-08-31 09:59:33,2024-09-01 06:15:28,,61,宝马5系(进口)>2022款 540i 3.0T 手自一体 风尚版 M运动套装,,,
769,832,粤BAA8411,,,,LRW3E7FA7MC156268,,,,,2024-08-31 09:59:33,2024-09-01 06:15:28,,60,特斯拉>2021款 标准续航后驱升级版(改款),,,
770,833,粤B236KU,,,,SALEA7EUXP2113193,,,,,2024-08-31 09:59:33,2024-09-01 06:15:28,,59,,,,
771,834,粤BD29621,,,,LRW3E7EA3L0064526,,,,,2024-08-31 09:59:33,2024-09-01 06:15:28,,366,特斯拉>2020款 长续航后轮驱动版,,,
772,835,粤BAJ998,,,黑色,W1K6X6BBXMA027381,,,,,2024-08-31 09:59:33,2024-09-01 06:15:28,,26,奔驰>2021款 S 480 4MATIC 48V 3.0T 手自一体,,,
773,836,粤B7W00L,,,,JF1VA2Y63G9820656,,,,,2024-08-31 09:59:33,2024-09-01 06:15:28,,57,斯巴鲁>2014款 翼豹 WRX Sti 三厢 2.5T 手动,55530km,,
774,837,粤BB61093,,,,LRW3E7FS6NC534302,,,,,2024-08-31 09:59:33,2024-09-01 06:15:28,,56,特斯拉>2022款 后轮驱动版,,,
775,838,粤B22126临,,,黑色,JTNHS3DH1N8083781,,,,,2024-08-31 09:59:33,2024-09-01 06:15:28,,55,丰田>2021款 埃尔法 2.5 无级 豪华版,,,
776,839,粤BAY424,,,,ZHWEF5ZFXMLA16620,,,,,2024-08-31 09:59:33,2024-09-01 06:15:28,,54,兰博基尼>2020款 Huracan RWD Coupe 5.2 双离合,,,
777,841,粤B333E5,,,,LFMKN5BF9N3360833,,,,,2024-08-31 09:59:33,2024-09-01 06:15:28,,52,丰田>2022款 RAV4荣放 2.0 无级 两驱都市版,,,
778,842,粤B63Q65,,,,,,,,,2024-08-31 09:59:33,2024-09-01 06:15:28,,52,丰田>2022款 RAV4荣放 2.0 无级 两驱尊贵版,,,
779,843,粤B917T2,,,,,,,,,2024-08-31 09:59:33,2024-09-01 06:15:28,,51,,,,
780,844,粤B997QQ,,,,WDDUG6FB2EA047322,,,,,2024-08-31 09:59:33,2024-09-01 06:15:28,,50,奔驰S级>2014款 S 400 L 3.0T 手自一体 尊贵型,,,
781,845,粤B354UM,,,,ZAMSP56EXE1074673,,,,,2024-08-31 09:59:33,2024-09-01 06:15:28,,48,玛莎拉蒂>2013款 3.0T 手自一体,,,
782,846,粤BAJ9127,,,白色,LRWYGCFJ2MC147051,,,,,2024-08-31 09:59:33,2024-09-01 06:15:28,,47,,,,
783,848,粤B谢诗,,,红色,5YJSA7E13GF111007,,,,,2024-08-31 09:59:33,2024-09-01 06:15:28,,45,特斯拉>2016款 Model S 60 Model S 60,,,
784,850,粤BX8W09,,,,W1N4M5BB3LW047115,,,,,2024-08-31 09:59:33,2024-09-01 06:15:28,,43,奔驰GLB AMG>2021款 GLB 35 AMG 4MATIC 2.0T 双离合,64285km,,
785,851,粤BD33Z8,,,,LBV8W3109KMN04816,,,,,2024-08-31 09:59:33,2024-09-01 06:15:28,,42,宝马3系>2019款 320Li 2.0T 手自一体 时尚型,,,
786,852,粤BH688M,,,,WUA82D4G7HN903078,,,,,2024-08-31 09:59:33,2024-09-01 06:15:28,,41,奥迪RS 6>2016款 RS6 Avant 4.0TFSI 手自一体,143231km,,
787,853,粤BZ2483,,,,LVSHFFAC6EF771700,,,,,2024-08-31 09:59:33,2024-09-01 06:15:28,,40,福特>2013款 2.0T 手自一体 GTDi200 时尚型,,,126776km
788,854,粤B10QG8,,,,WBA51BJ09MCF17301,,,,,2024-08-31 09:59:33,2024-09-01 06:15:28,,39,宝马5系(进口)>2021款 540i 3.0T 手自一体 风尚版 M运动套装,9159km,,
789,855,粤B789GZ,,,,WUAANBFX8N7900684,,,,,2024-08-31 09:59:33,2024-09-01 06:15:28,,312,奥迪R8>2016款 R8 Coupe 5.2 双离合 performance,,,
790,856,粤B861DT,,,,WMWXR110XM2N31884,,,,,2024-08-31 09:59:33,2024-09-01 06:15:28,,38,MINI>2021款 Mini One 1.5T 双离合,,,
791,857,粤BAU807,,,,,,,,,2024-08-31 09:59:33,2024-09-01 06:15:28,,37,宝马5系(进口)>2022款 540i 3.0T 手自一体 风尚版 M运动套装(改款),,,
792,858,粤B3H3G6,,,,WBA3X1103GG338228,,,,,2024-08-31 09:59:33,2024-09-01 06:15:28,,36,宝马3系GT>2016款 GT 320i 2.0T 手自一体 时尚型,,,
793,860,粤B660CR,,,,LBV31DU03NS580848,,,,,2024-08-31 09:59:33,2024-09-01 06:15:28,,34,宝马X3>2022款 X3 xDrive30i 2.0T 手自一体 领先型 M曜夜套装,,,
794,869,粤B88NF6,,,,LBVKY5105KSR21549,,,,,2024-08-31 09:59:33,2024-09-01 06:15:28,,68,宝马宝马3系(进口),,,
795,870,粤B1NA13,,,,SCA665C02JUX81557,,,,,2024-08-31 09:59:33,2024-09-01 06:15:28,,26,劳斯莱斯>2017款 6.6T 手自一体 Black Badge Edition,,,
796,871,粤B6SP12,,,,,,,,,2024-08-31 09:59:33,2024-09-01 06:15:28,,25,宝马5系>2019款 530Li 2.0T 手自一体 领先型 豪华套装,,,
797,872,粤B65TT0,,,,,,,,,2024-08-31 09:59:33,2024-09-01 06:15:28,,24,宝马5系>2018款 530Li 2.0T 手自一体 尊享型 M运动套装,,,
798,873,粤B427BW,,,,SALSN2E48BA270391,,,,,2024-08-31 09:59:33,2024-09-01 06:15:28,,23,路虎>2011款 5.0T 手自一体 V8 SC Autobiography,,,
799,874,粤B844JT,,,,WBSCY0100L9C24594,,,,,2024-08-31 09:59:33,2024-09-01 06:15:28,,22,宝马宝马X6 M,,,
800,875,粤B6H833,,,,WP0AJ2971NL104239,,,,,2024-08-31 09:59:33,2024-09-01 06:15:28,,21,保时捷>2021款 2.9T 双离合,,,
801,876,粤BFG1458,,,,,,,,,2024-08-31 09:59:33,2024-09-01 06:15:28,,20,宝马5系新能源>2019款 530Le 2.0T 手自一体 豪华套装,,,
802,883,粤B9N900,,,,WP1AG2922ELA24028,,,,,2024-08-31 09:59:33,2024-09-01 06:15:28,,13,保时捷>2015款 3.0T 手自一体,,,
803,885,粤BDK9408,,,,LVSHPCHA5NS278226,,,,,2024-08-31 09:59:33,2024-09-01 06:15:28,,11,福特>2021款 Mustang Mach-E 跃世后驱版(标准续航),,,
804,892,粤A224TZ,,,,,,,,,2024-08-31 09:59:33,2024-09-01 06:15:28,,629,,,,
805,893,粤B056643,,,,,,,,,2024-08-31 09:59:33,2024-09-01 06:15:28,,627,,,,
806,894,粤B833GV,,,,WBS41AZ04NCH84966,,,,,2024-08-31 09:59:33,2024-09-01 06:15:28,,39,,,,
807,895,66583,,,,,,,,,2024-08-31 09:59:33,2024-09-01 06:15:28,,386,,,,
808,896,粤B620DG,,,,WP1AA2950MLB25238,,,,,2024-08-31 09:59:33,2024-09-01 06:15:28,,212,保时捷>2020款 2.0T 双离合,,,
809,897,粤B92E55,,,,,,,,,2024-08-31 09:59:33,2024-09-01 06:15:28,,207,,,,
810,898,粤BG88181,,,,LW433B127N1030501,,,,,2024-08-31 09:59:33,2024-09-01 06:15:28,,49,理想汽车>2022款 1.5T Max版,,,
811,900,粤B0PQ07,,,,,,,,,2024-08-31 09:59:33,2024-09-01 06:15:28,,265,领克03>2023款 领克03+ 2.0TD 手自一体 Cyan 定制版,,,
